Workbook

Sheet Master
B2: Aaron D | D2: Andrew M | F2: Caleb K | H2: Chris G | J2: Colby L | L2: Dawson O
A3: Pos | B3: Player | C3: $ | D3: Player | E3: $ | F3: Player | G3: $ | H3: Player | I3: $ | J3: Player | K3: $ | L3: Player | M3: $ | N3: Pos | Q3: 51
A4: QB | B4: T Tagovailoa | C4: 13 | D4: R Tanehill | E4: 3 | F4: L Jackson | G4: 17 | H4: D Prescott | I4: 8 | J4: M Jones | K4: 7 | L4: J Allen | M4: 16 | N4: QB
A5: QB | B5: P. Mahomes | C5: 15 | D5: T Lance | E5: 3 | F5: K Pickett | G5: 5 | H5: M Stafford | I5: 3 | J5: K Cousins | K5: 1 | L5: D Carr | M5: 3 | N5: QB | P5: 3
A6: QB | F6: T Brady | G6: 3 | N6: QB
A7: QB | F7: D Watson | G7: 2 | N7: QB
A8: RB | B8: J Taylor | C8: 42 | D8: N Harris | E8: 50 | F8: J Taylor | G8: 42 | H8: A Ekeler | I8: 29 | J8: N Chubb | K8: 44 | L8: D Henry | M8: 50 | N8: RB
A9: RB | B9: D Swift | C9: 12 | D9: A Gibson | E9: 36 | F9: JK Dobbins | G9: 3 | H9: J Jacobs | I9: 28 | J9: C Edwards-H | K9: 30 | L9: A Jones | M9: 32 | N9: RB
A10: RB | B10: C Edmonds | C10: 7 | D10: T Pollard | E10: 1 | F10: D Singletary | G10: 3 | H10: I Spiller | I10: 6 | J10: M Sanders | K10: 22 | L10: K Hunt | M10: 6 | N10: RB | P10: 12
A11: RB | B11: B Hall | C11: 28 | D11: K Walker | E11: 14 | F11: K Drake | G11: 2 | H11: R White | I11: 4 | J11: AJ Dillon | K11: 5 | L11: R. Mostert | M11: 9 | N11: RB
A12: RB | B12: C Akers | C12: 3 | D12: M. Ingram | E12: 4 | F12: D. Pierce | G12: 29 | H12: J Connor | I12: 2 | J12: D Henderson | K12: 5 | L12: T Allgeier | M12: 5 | N12: RB
A13: RB | B13: K Gainwell | C13: 2 | F13: R Stevenson | G13: 1 | H13: N Hines | I13: 1 | J13: L Fournette | K13: 4 | N13: RB
A14: RB | B14: T Etienne | C14: 1 | H14: J White | I14: 1 | J14: J. Cook | K14: 12 | N14: RB
A15: RB | J15: K Herbert | K15: 3 | N15: RB
A16: RB | J16: Z White | K16: 4 | N16: RB
A17: WR | B17: AJ Brown | C17: 28 | D17: S Diggs | E17: 45 | F17: T Hill | G17: 37 | H17: K Allen | I17: 24 | J17: T McLaughlin | K17: 27 | L17: D. Hopkins | M17: 31 | N17: WR
A18: WR | B18: DJ Moore | C18: 18 | D18: C Olave | E18: 18 | F18: R Woods | G18: 15 | H18: C Lamb | I18: 20 | J18: D Johnson | K18: 16 | L18: D Samuel | M18: 7 | N18: WR
A19: WR | B19: D Smith | C19: 11 | D19: B Aiyuk | E19: 15 | F19: C Godwin | G19: 15 | H19: G Pickens | I19: 12 | J19: J Jeudy | K19: 14 | L19: J Chase | M19: 6 | N19: WR
A20: WR | B20: K. Toney | C20: 20 | D20: M Thomas | E20: 7 | F20: J Landry | G20: 3 | H20: R Doubs | I20: 8 | J20: C Watson | K20: 7 | L20: G Davis | M20: 5 | N20: WR | P20: 10
A21: WR | B21: J Waddle | C21: 8 | D21: G Wilson | E21: 6 | F21: W Fuller | G21: 2 | H21: C Davis | I21: 3 | J21: DJ Chark | K21: 3 | L21: R Anderson | M21: 3 | N21: WR
A22: WR | B22: J Smith-Sch. | C22: 6 | D22: D Mooney | E22: 3 | F22: E Moore | G22: 3 | H22: S Shepard | I22: 1 | J22: M Brown | K22: 1 | L22: M Williams | M22: 1 | N22: WR
A23: WR | B23: C Ridley | C23: 6 | D23: B Edwards | E23: 1 | F23: J. Dotson | G23: 7 | H23: R Bateman | I23: 1 | J23: M Jones | K23: 1 | N23: WR
A24: WR | D24: J Meyers | E24: 1 | F24: J Williams | G24: 9 | J24: D Brown | K24: 1 | N24: WR
A25: WR | B25: M Pittman | C25: 2 | J25: D Bell | K25: 2 | N25: WR
A26: WR | B26: OBJ | C26: 1 | J26: S Moore | K26: 4 | N26: WR
A27: TE | B27: D Goedert | C27: 2 | D27: D Waller | E27: 21 | F27: K Pitts | G27: 20 | H27: G Kittle | I27: 24 | J27: N Fant | K27: 7 | L27: T Kelce | M27: 22 | N27: TE
A28: TE | B28: Z Ertz | C28: 5 | D28: D Njoku | E28: 2 | H28: P Friermuth | I28: 5 | J28: D Knox | K28: 6 | L28: H Henry | M28: 1 | N28: TE | P28: 5
A29: TE | H29: L Thomas | I29: 2 | N29: TE
A30: K | D30: D Carlson | E30: 1 | H30: T Bass | I30: 1 | J30: E McPherson | K30: 4 | L30: J. Tucker | M30: 5 | N30: K | P30: 2
A31: K | F31: C Herndon | G31: 1 | H31: M Gay | I31: 1 | J31: G Zuerlein | K31: 1 | N31: K
A32: D | B32: MIA | C32: 1 | F32: TB | G32: 2 | H32: IND | I32: 1 | J32: LAR | K32: 2 | L32: SF | M32: 1 | N32: D
A33: D | F33: PIT | G33: 2 | H33: NE | I33: 1 | N33: D
A34: WC | B34: C Wentz | C34: 1 | D34: WAS | E34: 2 | F34: M Gallup | G34: 1 | H34: C Ridley | I34: 15 | J34: D Mims | K34: 1 | L34: P Campbell | M34: 1 | N34: WC
A35: WC | B35: M Gaskin | C35: 5 | D35: Sony Michel | E35: 1 | F35: C. Hubbard | G35: 1 | J35: T Atwell | K35: 1 | L35: J Smith | M35: 1 | N35: WC
A36: WC | B36: L Shenault | C36: 2 | D36: Boston Scott | E36: 1 | F36: P. Lindsay | G36: 1 | J36: J Cook | K36: 1 | L36: P Freiermur | M36: 1 | N36: WC
A37: WC | B37: J Myers | C37: 1 | D37: Tyson Williams | E37: 1 | F37: T. Coleman | G37: 2 | J37: A Trautman | K37: 1 | L37: T Johnson | M37: 1 | N37: WC
A38: WC | B38: A Hooper | C38: 1 | D38: T Jones | E38: 1 | F38: D Harris | G38: 1 | J38: K Toney | K38: 1 | L38: D Williams | M38: 1 | N38: WC
A39: WC | B39: Z Moss | C39: 1 | D39: Russel Gage | E39: 1 | F39: P Mahomes | G39: 16 | L39: K Gainwell | M39: 1 | N39: WC
A40: WC | D40: MVS | E40: 1 | F40: R Mostert | G40: 5 | L40: J Fields | M40: 1 | N40: WC
A41: WC | D41: D Parham | E41: 1 | F41: J Tucker | G41: 2 | L41: R Succup | M41: 1 | N41: WC
B42: Subtotal | C42: =SUM(C4:C41) -> 242 | D42: Subtotal | E42: =SUM(E4:E41) -> 240 | F42: Subtotal | G42: =SUM(G4:G41) -> 252 | H42: Subtotal | I42: =SUM(I4:I41) -> 201 | J42: Subtotal | K42: =SUM(K4:K41) -> 238 | L42: Subtotal | M42: =SUM(M4:M41) -> 211
B43: Cap Hit | C43: 0 | D43: Cap Hit | E43: 0 | F43: Cap Hit | G43: 0 | H43: Cap Hit | I43: 0 | J43: Cap Hit | K43: 0 | L43: Cap Hit | M43: 0
B44: Total | C44: =SUM(C42+C43) -> 242 | D44: Total | E44: =SUM(E42+E43) -> 240 | F44: Total | G44: =SUM(G42+G43) -> 252 | H44: Total | I44: =SUM(I42+I43) -> 201 | J44: Total | K44: =SUM(K42+K43) -> 238 | L44: Total | M44: =SUM(M42+M43) -> 211
B45: To Spend | C45: =SUM(250-C44) -> 8 | D45: To Spend | E45: =SUM(250-E44) -> 10 | F45: To Spend | G45: =SUM(250-G44) -> -2 | H45: To Spend | I45: =SUM(250-I44) -> 49 | J45: To Spend | K45: =SUM(250-K44) -> 12 | L45: To Spend | M45: =SUM(250-M44) -> 39
B49: Josh C | D49: Justin P | F49: Nick F | H49: Stephen P | L49: Example
A50: Pos | B50: Player | C50: $ | D50: Player | E50: $ | F50: Player | G50: $ | H50: Player | I50: $ | J50: Player | K50: $ | L50: Player | M50: $ | N50: Pos
A51: QB | B51: J Herbert | C51: 11 | D51: A Rodgers | E51: 5 | F51: R Wilson | G51: 14 | H51: K Murray | I51: 23 | N51: QB
A52: QB | B52: J Burrow | C52: 1 | D52: T Lawrence | E52: 4 | F52: J Hurts | G52: 4 | N52: QB
A53: QB | F53: B Mayfield | G53: 2 | N53: QB
A54: QB | N54: QB
A55: RB | B55: A Kamara | C55: 49 | D55: D Montgom. | E55: 29 | F55: D Cook | G55: 45 | H55: C McCaffrey | I55: 53 | N55: RB
A56: RB | B56: J Mixon | C56: 22 | D56: J Robinson | E56: 20 | F56: S Barkley | G56: 41 | H56: E Elliott | I56: 33 | N56: RB | P56: 7
A57: RB | B57: Jv Williams | C57: 16 | D57: M Davis | E57: 9 | F57: D Harris | G57: 11 | H57: M. Carter | I57: 8 | N57: RB
A58: RB | B58: B Robinson | C58: 4 | D58: JD McKissic | E58: 1 | F58: A Mattison | G58: 2 | H58: A Abdullah | I58: 2 | N58: RB
A59: RB | B59: Jm Williams | C59: 3 | D59: R Penny | E59: 1 | F59: M Mack | G59: 2 | N59: RB
A60: RB | B60: E Mitchell | C60: 1 | D60: K Hill | E60: 1 | F60: M Breida | G60: 1 | H60: Dar Williams | I60: 1 | N60: RB
A61: RB | B61: S Ahmed | C61: 1 | D61: C. Patterson | E61: 12 | N61: RB
A62: RB | D62: M. Gordon | E62: 11 | N62: RB
A63: WR | B63: J Jefferson | C63: 30 | D63: D Adams | E63: 43 | F63: A Thielen | G63: 16 | H63: A Robinson | I63: 19 | N63: WR
A64: WR | B64: A Cooper | C64: 22 | D64: DK Metcalf | E64: 40 | F64: C Claypool | G64: 11 | H64: C Kupp | I64: 17 | N64: WR
A65: WR | B65: J Jones | C65: 14 | D65: M Evans | E65: 15 | F65: D London | G65: 14 | H65: T Higgins | I65: 13 | N65: WR | P65: 7
A66: WR | D66: T Lockett | E66: 14 | F66: K Golladay | G66: 6 | H66: B Cooks | I66: 1 | N66: WR
A67: WR | B67: T Boyd | C67: 1 | D67: C Sutton | E67: 3 | F67: A. Lazard | G67: 18 | H67: D Parker | I67: 1 | N67: WR
A68: WR | B68: N Agholor | C68: 1 | D68: R Moore | E68: 1 | F68: Renfrow | G68: 18 | H68: T Marshall | I68: 1 | N68: WR
A69: WR | B69: C Kirk | C69: 1 | F69: D. Duvernay | G69: 5 | H69: T Burks | I69: 11 | N69: WR
A70: WR | B70: D Slayton | C70: 1 | D70: V Jefferson | E70: 1 | H70: A. St. Brown | I70: 13 | N70: WR
A71: WR | F71: J Crowder | G71: 1 | H71: D Mims | I71: 1 | N71: WR
A72: TE | B72: TJ Hockens. | C72: 10 | D72: T Higbee | E72: 3 | F72: M Gesicki | G72: 4 | H72: M Andrews | I72: 15 | N72: TE
A73: TE | B73: R Tonyan | C73: 3 | D73: D. Schultz | E73: 15 | F73: I Smith | G73: 1 | H73: A Hooper | I73: 1 | N73: TE | P73: 2
A74: TE | B74: C Kmet | C74: 1 | D74: B Jarwin | E74: 1 | N74: TE
A75: TE | B75: OJ Howard | C75: 1
A76: K | B76: Y Koo | C76: 1 | D76: H Butker | E76: 2 | N76: K
A77: K | D77: R Blankeship | E77: 1 | N77: K
A78: D | B78: BAL | C78: 1 | D78: CLE | E78: 1 | F78: DEN | G78: 1 | H78: BUF | I78: 1 | N78: D
A79: D | N79: D
A80: WC | B80: M Carter | C80: 2 | F80: M Gordon | G80: 3 | H80: T Sermon | I80: 5 | L80: M. Trubisky | M80: 5 | N80: WC
A81: WC | B81: M Hardman | C81: 2 | F81: R Gould | G81: 1 | H81: R Jones | I81: 2 | N81: WC
A82: WC | F82: T Smith | G82: 1 | H82: Z Wilson | I82: 1 | N82: WC
F83: J Reagor | G83: 1 | H83: J Hawkins | I83: 1
F84: M Callaway | G84: 1 | H84: J Kelley | I84: 1
H85: KJ Hamler | I85: 1
H86: J Sanders | I86: 1
H87: Z Ertz | I87: 1
H88: L Rountree | I88: 1
H89: AJ Green | I89: 1
B91: Subtotal | C91: =SUM(C51:C88) -> 199 | D91: Subtotal | E91: =SUM(E51:E88) -> 233 | F91: Subtotal | G91: =SUM(G51:G88) -> 224 | H91: Subtotal | I91: =SUM(I51:I88) -> 228 | J91: Subtotal | K91: =SUM(K51:K80) -> 0 | L91: Subtotal | M91: =SUM(M51:M80) -> 5
B92: Cap Hit | C92: 0 | D92: Cap Hit | E92: 0 | F92: Cap Hit | G92: 0 | H92: Cap Hit | I92: 0 | J92: Cap Hit | K92: 0 | L92: Cap Hit | M92: 0
B93: Total | C93: =SUM(C91+C92) -> 199 | D93: Total | E93: =SUM(E91+E92) -> 233 | F93: Total | G93: =SUM(G91+G92) -> 224 | H93: Total | I93: =SUM(I91+I92) -> 228 | J93: Total | K93: =SUM(K91+K92) -> 0 | L93: Total | M93: =SUM(M91+M92) -> 5
B94: To Spend | C94: =SUM(250-C93) -> 51 | D94: To Spend | E94: =SUM(250-E93) -> 17 | F94: To Spend | G94: =SUM(250-G93) -> 26 | H94: To Spend | I94: =SUM(250-I93) -> 22 | J94: To Spend | K94: =SUM(200-K93) -> 200 | L94: To Spend | M94: =SUM(200-M93) -> 195
B98: Andrew
B99: Stephen
B100: Colby
B101: Aaron
B102: Nick
B103: Chris
B104: Carter
B105: Caleb
B106: Justin
B107: Dawson
B110: $250 League Salary, Variable contracts after 2 years | L110: 2023 Draft Picks
...

Sheet Aaron D
A1: Aaron D
A2: Player | B2: Position | C2: Current Salary | D2: Year Drafted | E2: Contract Status | F2: Contract Year? | G2: Extending Contract? | H2: 2022-23 Salary | I2: 2023-24 Salary | J2: 2024-25 Salary | K2: 2025-26 Salary | L2: Notes
A3: T. Tagovailoa | B3: QB | C3: =H3 -> 13 | D3: 2021 | E3: =IFS('Aaron D'!G3="1 year ext.", "1 of 1 years (ext.)", 'Aaron D'!G3="2 year ext.", "1 of 2 years (ext.)", 'Aaron D'!G3="3 year ext.", "1 of 3 years (ext.)", 'Aaron D'!G3="Releasing","2 of 2 years") -> 1 of 1 years (ext.) | F3: Yes | G3: 1 year ext. | H3: 13 | I3: =IFS('Aaron D'!G3="1 year ext.", 'Aaron D'!C3+5, 'Aaron D'!G3="2 year ext.", 'Aaron D'!C3+5, 'Aaron D'!G3="3 year ext.", 'Aaron D'!C3+5, 'Aaron D'!G3="Releasing","0") -> 18 | J3: =IFS('Aaron D'!G3="1 year ext.", "0", 'Aaron D'!G3="2 year ext.", 'Aaron D'!C3+10, 'Aaron D'!G3="3 year ext.", 'Aaron D'!C3+10, 'Aaron D'!H3="Releasing","0") -> 0 | K3: =IFS('Aaron D'!G3="1 year ext.", "0", 'Aaron D'!G3="2 year ext.", "0", 'Aaron D'!G3="3 year ext.", 'Aaron D'!C3+15, 'Aaron D'!G3="Releasing","0") -> 0
A4: P. Mahomes | B4: QB | C4: =H4 -> 15 | D4: 2022 | E4: 2 of 2 Years | F4: No | H4: 15 | I4: 15
C5: =H5
A6: J. Taylor | B6: RB | C6: =H6 -> 42 | D6: 2021 | E6: =IFS('Aaron D'!G6="1 year ext.", "1 of 1 years (ext.)", 'Aaron D'!G6="2 year ext.", "1 of 2 years (ext.)", 'Aaron D'!G6="3 year ext.", "1 of 3 years (ext.)", 'Aaron D'!G6="Releasing","2 of 2 years") -> 1 of 1 years (ext.) | F6: Yes | G6: 1 year ext. | H6: 42 | I6: =IFS('Aaron D'!G6="1 year ext.", 'Aaron D'!C6+5, 'Aaron D'!G6="2 year ext.", 'Aaron D'!C6+5, 'Aaron D'!G6="3 year ext.", 'Aaron D'!C6+5, 'Aaron D'!G6="Releasing","0") -> 47 | J6: =IFS('Aaron D'!G6="1 year ext.", "0", 'Aaron D'!G6="2 year ext.", 'Aaron D'!C6+10, 'Aaron D'!G6="3 year ext.", 'Aaron D'!C6+10, 'Aaron D'!H6="Releasing","0") -> 0 | K6: =IFS('Aaron D'!G6="1 year ext.", "0", 'Aaron D'!G6="2 year ext.", "0", 'Aaron D'!G6="3 year ext.", 'Aaron D'!C6+15, 'Aaron D'!G6="Releasing","0") -> 0
A7: D. Swift | B7: RB | C7: =H7 -> 12 | D7: 2021 | E7: =IFS('Aaron D'!G7="1 year ext.", "1 of 1 years (ext.)", 'Aaron D'!G7="2 year ext.", "1 of 2 years (ext.)", 'Aaron D'!G7="3 year ext.", "1 of 3 years (ext.)", 'Aaron D'!G7="Releasing","2 of 2 years") -> 2 of 2 years | F7: Yes | G7: Releasing | H7: 12 | I7: =IFS('Aaron D'!G7="1 year ext.", 'Aaron D'!C7+5, 'Aaron D'!G7="2 year ext.", 'Aaron D'!C7+5, 'Aaron D'!G7="3 year ext.", 'Aaron D'!C7+5, 'Aaron D'!G7="Releasing","0") -> 0 | J7: =IFS('Aaron D'!G7="1 year ext.", "0", 'Aaron D'!G7="2 year ext.", 'Aaron D'!C7+10, 'Aaron D'!G7="3 year ext.", 'Aaron D'!C7+10, 'Aaron D'!G7="Releasing","0") -> 0 | K7: =IFS('Aaron D'!G7="1 year ext.", "0", 'Aaron D'!G7="2 year ext.", "0", 'Aaron D'!G7="3 year ext.", 'Aaron D'!C7+15, 'Aaron D'!G7="Releasing","0") -> 0
A8: C. Akers | B8: RB | C8: =H8 -> 3 | D8: 2021 | E8: =IFS('Aaron D'!G8="1 year ext.", "1 of 1 years (ext.)", 'Aaron D'!G8="2 year ext.", "1 of 2 years (ext.)", 'Aaron D'!G8="3 year ext.", "1 of 3 years (ext.)", 'Aaron D'!G8="Releasing","2 of 2 years") -> 1 of 2 years (ext.) | F8: Yes | G8: 2 year ext. | H8: 3 | I8: =IFS('Aaron D'!G8="1 year ext.", 'Aaron D'!C8+5, 'Aaron D'!G8="2 year ext.", 'Aaron D'!C8+5, 'Aaron D'!G8="3 year ext.", 'Aaron D'!C8+5, 'Aaron D'!G8="Releasing","0") -> 8 | J8: =IFS('Aaron D'!G8="1 year ext.", "0", 'Aaron D'!G8="2 year ext.", 'Aaron D'!C8+10, 'Aaron D'!G8="3 year ext.", 'Aaron D'!C8+10, 'Aaron D'!H8="Releasing","0") -> 13 | K8: =IFS('Aaron D'!G8="1 year ext.", "0", 'Aaron D'!G8="2 year ext.", "0", 'Aaron D'!G8="3 year ext.", 'Aaron D'!C8+15, 'Aaron D'!G8="Releasing","0") -> 0
A9: C. Edmunds | B9: RB | C9: =H9 -> 7 | D9: 2021 | E9: =IFS('Aaron D'!G9="1 year ext.", "1 of 1 years (ext.)", 'Aaron D'!G9="2 year ext.", "1 of 2 years (ext.)", 'Aaron D'!G9="3 year ext.", "1 of 3 years (ext.)", 'Aaron D'!G9="Releasing","2 of 2 years") -> 2 of 2 years | F9: Yes | G9: Releasing | H9: 7 | I9: =IFS('Aaron D'!G9="1 year ext.", 'Aaron D'!C9+5, 'Aaron D'!G9="2 year ext.", 'Aaron D'!C9+5, 'Aaron D'!G9="3 year ext.", 'Aaron D'!C9+5, 'Aaron D'!G9="Releasing","0") -> 0 | J9: =IFS('Aaron D'!G9="1 year ext.", "0", 'Aaron D'!G9="2 year ext.", 'Aaron D'!C9+10, 'Aaron D'!G9="3 year ext.", 'Aaron D'!C9+10, 'Aaron D'!G9="Releasing","0") -> 0 | K9: =IFS('Aaron D'!G9="1 year ext.", "0", 'Aaron D'!G9="2 year ext.", "0", 'Aaron D'!G9="3 year ext.", 'Aaron D'!C9+15, 'Aaron D'!G9="Releasing","0") -> 0
A10: T. Etienne | B10: RB | C10: =H10 -> 1 | D10: 2021 | E10: =IFS('Aaron D'!G10="1 year ext.", "1 of 1 years (ext.)", 'Aaron D'!G10="2 year ext.", "1 of 2 years (ext.)", 'Aaron D'!G10="3 year ext.", "1 of 3 years (ext.)", 'Aaron D'!G10="Releasing","2 of 2 years") -> 1 of 3 years (ext.) | F10: Yes | G10: 3 year ext. | H10: 1 | I10: =IFS('Aaron D'!G10="1 year ext.", 'Aaron D'!C10+5, 'Aaron D'!G10="2 year ext.", 'Aaron D'!C10+5, 'Aaron D'!G10="3 year ext.", 'Aaron D'!C10+5, 'Aaron D'!G10="Releasing","0") -> 6 | J10: =IFS('Aaron D'!G10="1 year ext.", "0", 'Aaron D'!G10="2 year ext.", 'Aaron D'!C10+10, 'Aaron D'!G10="3 year ext.", 'Aaron D'!C10+10, 'Aaron D'!G10="Releasing","0") -> 11 | K10: =IFS('Aaron D'!G10="1 year ext.", "0", 'Aaron D'!G10="2 year ext.", "0", 'Aaron D'!G10="3 year ext.", 'Aaron D'!C10+15, 'Aaron D'!G10="Releasing","0") -> 16
A11: JK Dobbins | B11: RB | C11: =H11 -> 3 | D11: 2021 | E11: =IFS('Aaron D'!G11="1 year ext.", "1 of 1 years (ext.)", 'Aaron D'!G11="2 year ext.", "1 of 2 years (ext.)", 'Aaron D'!G11="3 year ext.", "1 of 3 years (ext.)", 'Aaron D'!G11="Releasing","2 of 2 years") -> 1 of 2 years (ext.) | F11: Yes | G11: 2 year ext. | H11: 3 | I11: =IFS('Aaron D'!G11="1 year ext.", 'Aaron D'!C11+5, 'Aaron D'!G11="2 year ext.", 'Aaron D'!C11+5, 'Aaron D'!G11="3 year ext.", 'Aaron D'!C11+5, 'Aaron D'!G11="Releasing","0") -> 8 | J11: =IFS('Aaron D'!G11="1 year ext.", "0", 'Aaron D'!G11="2 year ext.", 'Aaron D'!C11+10, 'Aaron D'!G11="3 year ext.", 'Aaron D'!C11+10, 'Aaron D'!H11="Releasing","0") -> 13 | K11: =IFS('Aaron D'!G11="1 year ext.", "0", 'Aaron D'!G11="2 year ext.", "0", 'Aaron D'!G11="3 year ext.", 'Aaron D'!C11+15, 'Aaron D'!G11="Releasing","0") -> 0
A12: Kenneth Gainwell | B12: RB | C12: =H12 -> 2 | D12: 2022 | E12: 2 of 2 Years | F12: No | H12: 2 | I12: 2
C13: =H13
A14: AJ Brown | B14: WR | C14: =H14 -> 28 | D14: 2021 | E14: =IFS('Aaron D'!G14="1 year ext.", "1 of 1 years (ext.)", 'Aaron D'!G14="2 year ext.", "1 of 2 years (ext.)", 'Aaron D'!G14="3 year ext.", "1 of 3 years (ext.)", 'Aaron D'!G14="Releasing","2 of 2 years") -> 2 of 2 years | F14: Yes | G14: Releasing | H14: 28 | I14: =IFS('Aaron D'!G14="1 year ext.", 'Aaron D'!C14+5, 'Aaron D'!G14="2 year ext.", 'Aaron D'!C14+5, 'Aaron D'!G14="3 year ext.", 'Aaron D'!C14+5, 'Aaron D'!G14="Releasing","0") -> 0 | J14: =IFS('Aaron D'!G14="1 year ext.", "0", 'Aaron D'!G14="2 year ext.", 'Aaron D'!C14+10, 'Aaron D'!G14="3 year ext.", 'Aaron D'!C14+10, 'Aaron D'!G14="Releasing","0") -> 0 | K14: =IFS('Aaron D'!G14="1 year ext.", "0", 'Aaron D'!G14="2 year ext.", "0", 'Aaron D'!G14="3 year ext.", 'Aaron D'!C14+15, 'Aaron D'!G14="Releasing","0") -> 0
A15: M. Pittman | B15: WR | C15: =H15 -> 2 | D15: 2021 | E15: =IFS('Aaron D'!G15="1 year ext.", "1 of 1 years (ext.)", 'Aaron D'!G15="2 year ext.", "1 of 2 years (ext.)", 'Aaron D'!G15="3 year ext.", "1 of 3 years (ext.)", 'Aaron D'!G15="Releasing","2 of 2 years") -> 1 of 1 years (ext.) | F15: Yes | G15: 1 year ext. | H15: 2 | I15: =IFS('Aaron D'!G15="1 year ext.", 'Aaron D'!C15+5, 'Aaron D'!G15="2 year ext.", 'Aaron D'!C15+5, 'Aaron D'!G15="3 year ext.", 'Aaron D'!C15+5, 'Aaron D'!G15="Releasing","0") -> 7 | J15: =IFS('Aaron D'!G15="1 year ext.", "0", 'Aaron D'!G15="2 year ext.", 'Aaron D'!C15+10, 'Aaron D'!G15="3 year ext.", 'Aaron D'!C15+10, 'Aaron D'!H15="Releasing","0") -> 0 | K15: =IFS('Aaron D'!G15="1 year ext.", "0", 'Aaron D'!G15="2 year ext.", "0", 'Aaron D'!G15="3 year ext.", 'Aaron D'!C15+15, 'Aaron D'!G15="Releasing","0") -> 0
A16: DJ Moore | B16: WR | C16: =H16 -> 18 | D16: 2021 | E16: =IFS('Aaron D'!G16="1 year ext.", "1 of 1 years (ext.)", 'Aaron D'!G16="2 year ext.", "1 of 2 years (ext.)", 'Aaron D'!G16="3 year ext.", "1 of 3 years (ext.)", 'Aaron D'!G16="Releasing","2 of 2 years") -> 2 of 2 years | F16: Yes | G16: Releasing | H16: 18 | I16: =IFS('Aaron D'!G16="1 year ext.", 'Aaron D'!C16+5, 'Aaron D'!G16="2 year ext.", 'Aaron D'!C16+5, 'Aaron D'!G16="3 year ext.", 'Aaron D'!C16+5, 'Aaron D'!G16="Releasing","0") -> 0 | J16: =IFS('Aaron D'!G16="1 year ext.", "0", 'Aaron D'!G16="2 year ext.", 'Aaron D'!C16+10, 'Aaron D'!G16="3 year ext.", 'Aaron D'!C16+10, 'Aaron D'!G16="Releasing","0") -> 0 | K16: =IFS('Aaron D'!G16="1 year ext.", "0", 'Aaron D'!G16="2 year ext.", "0", 'Aaron D'!G16="3 year ext.", 'Aaron D'!C16+15, 'Aaron D'!G16="Releasing","0") -> 0
A17: D. Smith | B17: WR | C17: =H17 -> 11 | D17: 2021 | E17: =IFS('Aaron D'!G17="1 year ext.", "1 of 1 years (ext.)", 'Aaron D'!G17="2 year ext.", "1 of 2 years (ext.)", 'Aaron D'!G17="3 year ext.", "1 of 3 years (ext.)", 'Aaron D'!G17="Releasing","2 of 2 years") -> 1 of 2 years (ext.) | F17: Yes | G17: 2 year ext. | H17: 11 | I17: =IFS('Aaron D'!G17="1 year ext.", 'Aaron D'!C17+5, 'Aaron D'!G17="2 year ext.", 'Aaron D'!C17+5, 'Aaron D'!G17="3 year ext.", 'Aaron D'!C17+5, 'Aaron D'!G17="Releasing","0") -> 16 | J17: =IFS('Aaron D'!G17="1 year ext.", "0", 'Aaron D'!G17="2 year ext.", 'Aaron D'!C17+10, 'Aaron D'!G17="3 year ext.", 'Aaron D'!C17+10, 'Aaron D'!H17="Releasing","0") -> 21 | K17: =IFS('Aaron D'!G17="1 year ext.", "0", 'Aaron D'!G17="2 year ext.", "0", 'Aaron D'!G17="3 year ext.", 'Aaron D'!C17+15, 'Aaron D'!G17="Releasing","0") -> 0
A18: Juju | B18: WR | C18: =H18 -> 6 | D18: 2021 | E18: =IFS('Aaron D'!G18="1 year ext.", "1 of 1 years (ext.)", 'Aaron D'!G18="2 year ext.", "1 of 2 years (ext.)", 'Aaron D'!G18="3 year ext.", "1 of 3 years (ext.)", 'Aaron D'!G18="Releasing","2 of 2 years") -> 2 of 2 years | F18: Yes | G18: Releasing | H18: 6 | I18: =IFS('Aaron D'!G18="1 year ext.", 'Aaron D'!C18+5, 'Aaron D'!G18="2 year ext.", 'Aaron D'!C18+5, 'Aaron D'!G18="3 year ext.", 'Aaron D'!C18+5, 'Aaron D'!G18="Releasing","0") -> 0 | J18: =IFS('Aaron D'!G18="1 year ext.", "0", 'Aaron D'!G18="2 year ext.", 'Aaron D'!C18+10, 'Aaron D'!G18="3 year ext.", 'Aaron D'!C18+10, 'Aaron D'!G18="Releasing","0") -> 0 | K18: =IFS('Aaron D'!G18="1 year ext.", "0", 'Aaron D'!G18="2 year ext.", "0", 'Aaron D'!G18="3 year ext.", 'Aaron D'!C18+15, 'Aaron D'!G18="Releasing","0") -> 0
A19: E. Moore | B19: WR | C19: =H19 -> 3 | D19: 2021 | E19: =IFS('Aaron D'!G19="1 year ext.", "1 of 1 years (ext.)", 'Aaron D'!G19="2 year ext.", "1 of 2 years (ext.)", 'Aaron D'!G19="3 year ext.", "1 of 3 years (ext.)", 'Aaron D'!G19="Releasing","2 of 2 years") -> 1 of 3 years (ext.) | F19: Yes | G19: 3 year ext. | H19: 3 | I19: =IFS('Aaron D'!G19="1 year ext.", 'Aaron D'!C19+5, 'Aaron D'!G19="2 year ext.", 'Aaron D'!C19+5, 'Aaron D'!G19="3 year ext.", 'Aaron D'!C19+5, 'Aaron D'!G19="Releasing","0") -> 8 | J19: =IFS('Aaron D'!G19="1 year ext.", "0", 'Aaron D'!G19="2 year ext.", 'Aaron D'!C19+10, 'Aaron D'!G19="3 year ext.", 'Aaron D'!C19+10, 'Aaron D'!H19="Releasing","0") -> 13 | K19: =IFS('Aaron D'!G19="1 year ext.", "0", 'Aaron D'!G19="2 year ext.", "0", 'Aaron D'!G19="3 year ext.", 'Aaron D'!C19+15, 'Aaron D'!G19="Releasing","0") -> 18
A20: J Waddle | B20: WR | C20: =H20 -> 8 | D20: 2021 | E20: =IFS('Aaron D'!G20="1 year ext.", "1 of 1 years (ext.)", 'Aaron D'!G20="2 year ext.", "1 of 2 years (ext.)", 'Aaron D'!G20="3 year ext.", "1 of 3 years (ext.)", 'Aaron D'!G20="Releasing","2 of 2 years") -> 1 of 3 years (ext.) | F20: Yes | G20: 3 year ext. | H20: 8 | I20: =IFS('Aaron D'!G20="1 year ext.", 'Aaron D'!C20+5, 'Aaron D'!G20="2 year ext.", 'Aaron D'!C20+5, 'Aaron D'!G20="3 year ext.", 'Aaron D'!C20+5, 'Aaron D'!G20="Releasing","0") -> 13 | J20: =IFS('Aaron D'!G20="1 year ext.", "0", 'Aaron D'!G20="2 year ext.", 'Aaron D'!C20+10, 'Aaron D'!G20="3 year ext.", 'Aaron D'!C20+10, 'Aaron D'!H20="Releasing","0") -> 18 | K20: =IFS('Aaron D'!G20="1 year ext.", "0", 'Aaron D'!G20="2 year ext.", "0", 'Aaron D'!G20="3 year ext.", 'Aaron D'!C20+15, 'Aaron D'!G20="Releasing","0") -> 23
A21: OBJ | B21: WR | C21: =H21 -> 1 | D21: 2022 | E21: 2 of 2 Years | F21: No | H21: 1 | I21: 1
A22: Calvin Ridley | B22: WR | C22: =H22 -> 6 | D22: 2022 | E22: 2 of 2 Years | F22: No | H22: 6 | I22: 6
A23: Jameson Williams | B23: WR | C23: =H23 -> 9 | D23: 2022 | E23: 2 of 2 Years | F23: No | H23: 9 | I23: 9
C24: =H24
A25: D. Goddert | B25: TE | C25: =H25 -> 2 | D25: 2021 | E25: =IFS('Aaron D'!G25="1 year ext.", "1 of 1 years (ext.)", 'Aaron D'!G25="2 year ext.", "1 of 2 years (ext.)", 'Aaron D'!G25="3 year ext.", "1 of 3 years (ext.)", 'Aaron D'!G25="Releasing","2 of 2 years") -> 1 of 2 years (ext.) | F25: Yes | G25: 2 year ext. | H25: 2 | I25: =IFS('Aaron D'!G25="1 year ext.", 'Aaron D'!C25+5, 'Aaron D'!G25="2 year ext.", 'Aaron D'!C25+5, 'Aaron D'!G25="3 year ext.", 'Aaron D'!C25+5, 'Aaron D'!G25="Releasing","0") -> 7 | J25: =IFS('Aaron D'!G25="1 year ext.", "0", 'Aaron D'!G25="2 year ext.", 'Aaron D'!C25+10, 'Aaron D'!G25="3 year ext.", 'Aaron D'!C25+10, 'Aaron D'!H25="Releasing","0") -> 12 | K25: =IFS('Aaron D'!G25="1 year ext.", "0", 'Aaron D'!G25="2 year ext.", "0", 'Aaron D'!G25="3 year ext.", 'Aaron D'!C25+15, 'Aaron D'!G25="Releasing","0") -> 0
A26: Z. Ertz | B26: TE | C26: =H26 -> 5 | D26: 2022 | E26: 2 of 2 Years | F26: No | H26: 5 | I26: 5
C27: =H27
B28: K | C28: =H28
C29: =H29
A30: Miami Dolphins | B30: D | C30: =H30 -> 1 | D30: 2021 | E30: =IFS('Aaron D'!G30="1 year ext.", "1 of 1 years (ext.)", 'Aaron D'!G30="2 year ext.", "1 of 2 ext.", 'Aaron D'!G30="3 year ext.", "1 of 3 ext.", 'Aaron D'!G30="Releasing","2 of 2 years") -> 2 of 2 years | G30: Releasing | H30: 1 | I30: =IFS('Aaron D'!G30="1 year ext.", 'Aaron D'!C30+5, 'Aaron D'!G30="2 year ext.", 'Aaron D'!C30+5, 'Aaron D'!G30="3 year ext.", 'Aaron D'!C30+5, 'Aaron D'!G30="Releasing","0") -> 0 | J30: =IFS('Aaron D'!G30="1 year ext.", "0", 'Aaron D'!G30="2 year ext.", 'Aaron D'!C30+10, 'Aaron D'!G30="3 year ext.", 'Aaron D'!C30+10, 'Aaron D'!G30="Releasing","0") -> 0 | K30: =IFS('Aaron D'!G30="1 year ext.", "0", 'Aaron D'!G30="2 year ext.", "0", 'Aaron D'!G30="3 year ext.", 'Aaron D'!C30+15, 'Aaron D'!G30="Releasing","0") -> 0
C31: =H31
A32: Cut Players
A33: C. Wentz | D33: 2021 | E33: 2 of 2 years | H33: 1
A34: M. Gaskin | D34: 2021 | E34: 2 of 2 years | H34: 5
A35: L. Shenault | D35: 2021 | E35: 2 of 2 years | H35: 2
A36: J. Meyers | D36: 2021 | E36: 2 of 2 years | H36: 1
A37: A. Hooper | D37: 2021 | E37: 2 of 2 years | H37: 1
A38: Z. Moss | D38: 2021 | E38: 2 of 2 years | H38: 1
A42: TOTAL SALARY | C42: =SUM('Aaron D'!C3:'Aaron D'!C40) -> 198 | H42: =SUM('Aaron D'!H3:'Aaron D'!H40) -> 209 | I42: =SUM('Aaron D'!I3:'Aaron D'!I40) -> 176 | J42: =SUM('Aaron D'!J3:'Aaron D'!J40) -> 101 | K42: =SUM('Aaron D'!K3:'Aaron D'!K40) -> 57
A43: Salary Available | C43: =(250-'Aaron D'!C42) -> 52 | H43: =(250-'Aaron D'!H42) -> 41 | I43: =(250-'Aaron D'!I42) -> 74 | J43: =(250-'Aaron D'!J42) -> 149 | K43: =(250-'Aaron D'!K42) -> 193

Sheet Andrew M
A1: Andrew M
A2: Player | B2: Position | C2: Salary | D2: Year Drafted | E2: Status of Contract | F2: Contract Year? | G2: Extending Contract? | H2: 2022-23 Salary | I2: 2023-24 Salary | J2: 2024-25 Salary | K2: 2025-26 Salary | L2: Notes
A3: R. Tannehill | B3: QB | C3: 3 | D3: 2021 | E3: =IFS('Andrew M'!G3="1 year ext.", "1 of 1 years (ext.)", 'Andrew M'!G3="2 year ext.", "1 of 2 years (ext.)", 'Andrew M'!G3="3 year ext.", "1 of 3 years (ext.)", 'Andrew M'!G3="Releasing","2 of 2 years") -> 2 of 2 years | F3: Yes | G3: Releasing | H3: 3 | I3: =IFS('Andrew M'!G3="1 year ext.", 'Andrew M'!C3+5, 'Andrew M'!G3="2 year ext.", 'Andrew M'!C3+5, 'Andrew M'!G3="3 year ext.", 'Andrew M'!C3+5, 'Andrew M'!G3="Releasing","0") -> 0 | J3: =IFS('Andrew M'!G3="1 year ext.", "0", 'Andrew M'!G3="2 year ext.", 'Andrew M'!C3+10, 'Andrew M'!G3="3 year ext.", 'Andrew M'!C3+10, 'Andrew M'!H3="Releasing","0") -> #N/A | K3: =IFS('Andrew M'!G3="1 year ext.", "0", 'Andrew M'!G3="2 year ext.", "0", 'Andrew M'!G3="3 year ext.", 'Andrew M'!C3+15, 'Andrew M'!G3="Releasing","0") -> 0
A4: T. Lance | B4: QB | C4: 3 | D4: 2021 | E4: =IFS('Andrew M'!G4="1 year ext.", "1 of 1 years (ext.)", 'Andrew M'!G4="2 year ext.", "1 of 2 years (ext.)", 'Andrew M'!G4="3 year ext.", "1 of 3 years (ext.)", 'Andrew M'!G4="Releasing","2 of 2 years") -> 2 of 2 years | F4: Yes | G4: Releasing | H4: 3 | I4: =IFS('Andrew M'!G4="1 year ext.", 'Andrew M'!C4+5, 'Andrew M'!G4="2 year ext.", 'Andrew M'!C4+5, 'Andrew M'!G4="3 year ext.", 'Andrew M'!C4+5, 'Andrew M'!G4="Releasing","0") -> 0 | J4: =IFS('Andrew M'!G4="1 year ext.", "0", 'Andrew M'!G4="2 year ext.", 'Andrew M'!C4+10, 'Andrew M'!G4="3 year ext.", 'Andrew M'!C4+10, 'Andrew M'!H4="Releasing","0") -> #N/A | K4: =IFS('Andrew M'!G4="1 year ext.", "0", 'Andrew M'!G4="2 year ext.", "0", 'Andrew M'!G4="3 year ext.", 'Andrew M'!C4+15, 'Andrew M'!G4="Releasing","0") -> 0
A6: N. Harris | B6: RB | C6: 50 | D6: 2021 | E6: =IFS('Andrew M'!G6="1 year ext.", "1 of 1 years (ext.)", 'Andrew M'!G6="2 year ext.", "1 of 2 years (ext.)", 'Andrew M'!G6="3 year ext.", "1 of 3 years (ext.)", 'Andrew M'!G6="Releasing","2 of 2 years") -> 2 of 2 years | F6: Yes | G6: Releasing | H6: 50 | I6: =IFS('Andrew M'!G6="1 year ext.", 'Andrew M'!C6+5, 'Andrew M'!G6="2 year ext.", 'Andrew M'!C6+5, 'Andrew M'!G6="3 year ext.", 'Andrew M'!C6+5, 'Andrew M'!G6="Releasing","0") -> 0 | J6: =IFS('Andrew M'!G6="1 year ext.", "0", 'Andrew M'!G6="2 year ext.", 'Andrew M'!C6+10, 'Andrew M'!G6="3 year ext.", 'Andrew M'!C6+10, 'Andrew M'!H6="Releasing","0") -> #N/A | K6: =IFS('Andrew M'!G6="1 year ext.", "0", 'Andrew M'!G6="2 year ext.", "0", 'Andrew M'!G6="3 year ext.", 'Andrew M'!C6+15, 'Andrew M'!G6="Releasing","0") -> 0
A7: A. Gibson | B7: RB | C7: 36 | D7: 2021 | E7: =IFS('Andrew M'!G7="1 year ext.", "1 of 1 years (ext.)", 'Andrew M'!G7="2 year ext.", "1 of 2 years (ext.)", 'Andrew M'!G7="3 year ext.", "1 of 3 years (ext.)", 'Andrew M'!G7="Releasing","2 of 2 years") -> 2 of 2 years | F7: Yes | G7: Releasing | H7: 36 | I7: =IFS('Andrew M'!G7="1 year ext.", 'Andrew M'!C7+5, 'Andrew M'!G7="2 year ext.", 'Andrew M'!C7+5, 'Andrew M'!G7="3 year ext.", 'Andrew M'!C7+5, 'Andrew M'!G7="Releasing","0") -> 0 | J7: =IFS('Andrew M'!G7="1 year ext.", "0", 'Andrew M'!G7="2 year ext.", 'Andrew M'!C7+10, 'Andrew M'!G7="3 year ext.", 'Andrew M'!C7+10, 'Andrew M'!H7="Releasing","0") -> #N/A | K7: =IFS('Andrew M'!G7="1 year ext.", "0", 'Andrew M'!G7="2 year ext.", "0", 'Andrew M'!G7="3 year ext.", 'Andrew M'!C7+15, 'Andrew M'!G7="Releasing","0") -> 0
A8: T. Pollard | B8: RB | C8: 1 | D8: 2021 | E8: =IFS('Andrew M'!G8="1 year ext.", "1 of 1 years (ext.)", 'Andrew M'!G8="2 year ext.", "1 of 2 years (ext.)", 'Andrew M'!G8="3 year ext.", "1 of 3 years (ext.)", 'Andrew M'!G8="Releasing","2 of 2 years") -> 1 of 3 years (ext.) | F8: Yes | G8: 3 year ext. | H8: 1 | I8: =IFS('Andrew M'!G8="1 year ext.", 'Andrew M'!C8+5, 'Andrew M'!G8="2 year ext.", 'Andrew M'!C8+5, 'Andrew M'!G8="3 year ext.", 'Andrew M'!C8+5, 'Andrew M'!G8="Releasing","0") -> 6 | J8: =IFS('Andrew M'!G8="1 year ext.", "0", 'Andrew M'!G8="2 year ext.", 'Andrew M'!C8+10, 'Andrew M'!G8="3 year ext.", 'Andrew M'!C8+10, 'Andrew M'!H8="Releasing","0") -> 11 | K8: =IFS('Andrew M'!G8="1 year ext.", "0", 'Andrew M'!G8="2 year ext.", "0", 'Andrew M'!G8="3 year ext.", 'Andrew M'!C8+15, 'Andrew M'!G8="Releasing","0") -> 16
A9: Kenneth Walker | B9: RB | C9: 14 | D9: 2022 | E9: 1 of 2 years | F9: No | H9: 14
A10: M. Ingram | B10: RB | C10: 4 | D10: 2021 | E10: 1 of 2 years | F10: No | H10: 4
A12: S. Diggs | B12: WR | C12: 45 | D12: 2021 | E12: =IFS('Andrew M'!G12="1 year ext.", "1 of 1 years (ext.)", 'Andrew M'!G12="2 year ext.", "1 of 2 years (ext.)", 'Andrew M'!G12="3 year ext.", "1 of 3 years (ext.)", 'Andrew M'!G12="Releasing","2 of 2 years") -> 1 of 2 years (ext.) | F12: Yes | G12: 2 year ext. | H12: 45 | I12: =IFS('Andrew M'!G12="1 year ext.", 'Andrew M'!C12+5, 'Andrew M'!G12="2 year ext.", 'Andrew M'!C12+5, 'Andrew M'!G12="3 year ext.", 'Andrew M'!C12+5, 'Andrew M'!G12="Releasing","0") -> 50 | J12: =IFS('Andrew M'!G12="1 year ext.", "0", 'Andrew M'!G12="2 year ext.", 'Andrew M'!C12+10, 'Andrew M'!G12="3 year ext.", 'Andrew M'!C12+10, 'Andrew M'!H12="Releasing","0") -> 55 | K12: =IFS('Andrew M'!G12="1 year ext.", "0", 'Andrew M'!G12="2 year ext.", "0", 'Andrew M'!G12="3 year ext.", 'Andrew M'!C12+15, 'Andrew M'!G12="Releasing","0") -> 0
A13: Aiyuk | B13: WR | C13: 15 | D13: 2021 | E13: =IFS('Andrew M'!G13="1 year ext.", "1 of 1 years (ext.)", 'Andrew M'!G13="2 year ext.", "1 of 2 years (ext.)", 'Andrew M'!G13="3 year ext.", "1 of 3 years (ext.)", 'Andrew M'!G13="Releasing","2 of 2 years") -> 2 of 2 years | F13: Yes | G13: Releasing | H13: 15 | I13: =IFS('Andrew M'!G13="1 year ext.", 'Andrew M'!C13+5, 'Andrew M'!G13="2 year ext.", 'Andrew M'!C13+5, 'Andrew M'!G13="3 year ext.", 'Andrew M'!C13+5, 'Andrew M'!G13="Releasing","0") -> 0 | J13: =IFS('Andrew M'!G13="1 year ext.", "0", 'Andrew M'!G13="2 year ext.", 'Andrew M'!C13+10, 'Andrew M'!G13="3 year ext.", 'Andrew M'!C13+10, 'Andrew M'!H13="Releasing","0") -> #N/A | K13: =IFS('Andrew M'!G13="1 year ext.", "0", 'Andrew M'!G13="2 year ext.", "0", 'Andrew M'!G13="3 year ext.", 'Andrew M'!C13+15, 'Andrew M'!G13="Releasing","0") -> 0
A14: M. Thomas | B14: WR | C14: 7 | D14: 2021 | E14: =IFS('Andrew M'!G14="1 year ext.", "1 of 1 years (ext.)", 'Andrew M'!G14="2 year ext.", "1 of 2 years (ext.)", 'Andrew M'!G14="3 year ext.", "1 of 3 years (ext.)", 'Andrew M'!G14="Releasing","2 of 2 years") -> 2 of 2 years | F14: Yes | G14: Releasing | H14: 7 | I14: =IFS('Andrew M'!G14="1 year ext.", 'Andrew M'!C14+5, 'Andrew M'!G14="2 year ext.", 'Andrew M'!C14+5, 'Andrew M'!G14="3 year ext.", 'Andrew M'!C14+5, 'Andrew M'!G14="Releasing","0") -> 0 | J14: =IFS('Andrew M'!G14="1 year ext.", "0", 'Andrew M'!G14="2 year ext.", 'Andrew M'!C14+10, 'Andrew M'!G14="3 year ext.", 'Andrew M'!C14+10, 'Andrew M'!H14="Releasing","0") -> #N/A | K14: =IFS('Andrew M'!G14="1 year ext.", "0", 'Andrew M'!G14="2 year ext.", "0", 'Andrew M'!G14="3 year ext.", 'Andrew M'!C14+15, 'Andrew M'!G14="Releasing","0") -> 0
A15: D. Mooney | B15: WR | C15: 3 | D15: 2021 | E15: =IFS('Andrew M'!G15="1 year ext.", "1 of 1 years (ext.)", 'Andrew M'!G15="2 year ext.", "1 of 2 years (ext.)", 'Andrew M'!G15="3 year ext.", "1 of 3 years (ext.)", 'Andrew M'!G15="Releasing","2 of 2 years") -> 2 of 2 years | F15: Yes | G15: Releasing | H15: 3 | I15: =IFS('Andrew M'!G15="1 year ext.", 'Andrew M'!C15+5, 'Andrew M'!G15="2 year ext.", 'Andrew M'!C15+5, 'Andrew M'!G15="3 year ext.", 'Andrew M'!C15+5, 'Andrew M'!G15="Releasing","0") -> 0 | J15: =IFS('Andrew M'!G15="1 year ext.", "0", 'Andrew M'!G15="2 year ext.", 'Andrew M'!C15+10, 'Andrew M'!G15="3 year ext.", 'Andrew M'!C15+10, 'Andrew M'!H15="Releasing","0") -> #N/A | K15: =IFS('Andrew M'!G15="1 year ext.", "0", 'Andrew M'!G15="2 year ext.", "0", 'Andrew M'!G15="3 year ext.", 'Andrew M'!C15+15, 'Andrew M'!G15="Releasing","0") -> 0
A16: C. Olave | B16: WR | C16: 18 | D16: 2022 | E16: 1 of 2 years | F16: No | H16: 18
A17: B. Edwards | B17: WR | C17: 1 | D17: 2021 | E17: =IFS('Andrew M'!G17="1 year ext.", "1 of 1 years (ext.)", 'Andrew M'!G17="2 year ext.", "1 of 2 years (ext.)", 'Andrew M'!G17="3 year ext.", "1 of 3 years (ext.)", 'Andrew M'!G17="Releasing","2 of 2 years") -> 2 of 2 years | F17: Yes | G17: Releasing | H17: 1 | I17: =IFS('Andrew M'!G17="1 year ext.", 'Andrew M'!C17+5, 'Andrew M'!G17="2 year ext.", 'Andrew M'!C17+5, 'Andrew M'!G17="3 year ext.", 'Andrew M'!C17+5, 'Andrew M'!G17="Releasing","0") -> 0 | J17: =IFS('Andrew M'!G17="1 year ext.", "0", 'Andrew M'!G17="2 year ext.", 'Andrew M'!C17+10, 'Andrew M'!G17="3 year ext.", 'Andrew M'!C17+10, 'Andrew M'!H17="Releasing","0") -> #N/A | K17: =IFS('Andrew M'!G17="1 year ext.", "0", 'Andrew M'!G17="2 year ext.", "0", 'Andrew M'!G17="3 year ext.", 'Andrew M'!C17+15, 'Andrew M'!G17="Releasing","0") -> 0
A18: J. Meyers | B18: WR | C18: 1 | D18: 2021 | E18: =IFS('Andrew M'!G18="1 year ext.", "1 of 1 years (ext.)", 'Andrew M'!G18="2 year ext.", "1 of 2 years (ext.)", 'Andrew M'!G18="3 year ext.", "1 of 3 years (ext.)", 'Andrew M'!G18="Releasing","2 of 2 years") -> 2 of 2 years | F18: Yes | G18: Releasing | H18: 1 | I18: =IFS('Andrew M'!G18="1 year ext.", 'Andrew M'!C18+5, 'Andrew M'!G18="2 year ext.", 'Andrew M'!C18+5, 'Andrew M'!G18="3 year ext.", 'Andrew M'!C18+5, 'Andrew M'!G18="Releasing","0") -> 0 | J18: =IFS('Andrew M'!G18="1 year ext.", "0", 'Andrew M'!G18="2 year ext.", 'Andrew M'!C18+10, 'Andrew M'!G18="3 year ext.", 'Andrew M'!C18+10, 'Andrew M'!H18="Releasing","0") -> #N/A | K18: =IFS('Andrew M'!G18="1 year ext.", "0", 'Andrew M'!G18="2 year ext.", "0", 'Andrew M'!G18="3 year ext.", 'Andrew M'!C18+15, 'Andrew M'!G18="Releasing","0") -> 0
A19: Garrett Wilson | B19: WR | C19: 6 | D19: 2022 | E19: 1 of 2 years | F19: No | H19: 6
A21: D. Waller | B21: TE | C21: 21 | D21: 2021 | E21: =IFS('Andrew M'!G21="1 year ext.", "1 of 1 years (ext.)", 'Andrew M'!G21="2 year ext.", "1 of 2 years (ext.)", 'Andrew M'!G21="3 year ext.", "1 of 3 years (ext.)", 'Andrew M'!G21="Releasing","2 of 2 years") -> 1 of 1 years (ext.) | F21: Yes | G21: 1 year ext. | H21: 21 | I21: =IFS('Andrew M'!G21="1 year ext.", 'Andrew M'!C21+5, 'Andrew M'!G21="2 year ext.", 'Andrew M'!C21+5, 'Andrew M'!G21="3 year ext.", 'Andrew M'!C21+5, 'Andrew M'!G21="Releasing","0") -> 26 | J21: =IFS('Andrew M'!G21="1 year ext.", "0", 'Andrew M'!G21="2 year ext.", 'Andrew M'!C21+10, 'Andrew M'!G21="3 year ext.", 'Andrew M'!C21+10, 'Andrew M'!H21="Releasing","0") -> 0 | K21: =IFS('Andrew M'!G21="1 year ext.", "0", 'Andrew M'!G21="2 year ext.", "0", 'Andrew M'!G21="3 year ext.", 'Andrew M'!C21+15, 'Andrew M'!G21="Releasing","0") -> 0
A22: David Njoku | B22: TE | C22: 2 | D22: 2022 | E22: 1 of 2 years | F22: No | H22: 2
A24: D. Carlson | B24: K | C24: 1 | D24: 2021 | E24: =IFS('Andrew M'!G24="1 year ext.", "1 of 1 years (ext.)", 'Andrew M'!G24="2 year ext.", "1 of 2 years (ext.)", 'Andrew M'!G24="3 year ext.", "1 of 3 years (ext.)", 'Andrew M'!G24="Releasing","2 of 2 years") -> 2 of 2 years | F24: Yes | G24: Releasing | H24: 1 | I24: =IFS('Andrew M'!G24="1 year ext.", 'Andrew M'!C24+5, 'Andrew M'!G24="2 year ext.", 'Andrew M'!C24+5, 'Andrew M'!G24="3 year ext.", 'Andrew M'!C24+5, 'Andrew M'!G24="Releasing","0") -> 0 | J24: =IFS('Andrew M'!G24="1 year ext.", "0", 'Andrew M'!G24="2 year ext.", 'Andrew M'!C24+10, 'Andrew M'!G24="3 year ext.", 'Andrew M'!C24+10, 'Andrew M'!H24="Releasing","0") -> #N/A | K24: =IFS('Andrew M'!G24="1 year ext.", "0", 'Andrew M'!G24="2 year ext.", "0", 'Andrew M'!G24="3 year ext.", 'Andrew M'!C24+15, 'Andrew M'!G24="Releasing","0") -> 0
B26: DEF
A29: Cut Players
A30: Washington DEF | D30: 2021 | E30: 2 of 2 years | H30: 2
A31: Sony Michel | D31: 2021 | E31: 2 of 2 years | H31: 1
A32: Boston Scott | D32: 2021 | E32: 2 of 2 years | H32: 1
A33: Tyson Williams | D33: 2021 | E33: 2 of 2 years | H33: 1
A34: T. Jones | D34: 2021 | E34: 2 of 2 years | H34: 1
A35: Russell Gage | D35: 2021 | E35: 2 of 2 years | H35: 1
A36: MVS | D36: 2021 | E36: 2 of 2 years | H36: 1
A37: D. Parham | D37: 2021 | E37: 2 of 2 years | H37: 1
A39: TOTAL SALARY | C39: =SUM('Andrew M'!C3:C37) -> 231 | H39: =SUM('Andrew M'!H3:H37) -> 240 | I39: =SUM('Andrew M'!I3:I37) -> 82 | J39: =SUM('Andrew M'!J3:J37) -> #N/A | K39: =SUM('Andrew M'!K3:K37) -> 16
A40: Salary Available | C40: =(250-'Andrew M'!C39) -> 19 | H40: =(250-'Andrew M'!H39) -> 10 | I40: =(250-'Andrew M'!I39) -> 168 | J40: =(250-'Andrew M'!J39) -> #N/A | K40: =(250-'Andrew M'!K39) -> 234

Sheet Caleb K
A1: Caleb K
A2: Player | B2: Position | C2: Salary | D2: Year Drafted | E2: Status of Contract | F2: Contract Year? | G2: Extending Contract? | H2: 2022-23 Salary | I2: 2023-24 Salary | J2: 2024-25 Salary | K2: 2025-26 Salary | L2: Notes
A3: K. Pickett | B3: QB | C3: 5 | D3: 2022 | E3: 2 of 2 years | F3: No | H3: 5 | I3: 5 | J3: 0
A4: L. Jackson | B4: QB | C4: 17 | D4: 2021 | E4: =IFS('Caleb K'!G4="1 year ext.", "1 of 1 years (ext.)", 'Caleb K'!G4="2 year ext.", "1 of 2 years (ext.)", 'Caleb K'!G4="3 year ext.", "1 of 3 years (ext.)", 'Caleb K'!G4="Releasing","2 of 2 years") -> 2 of 2 years | F4: Yes | G4: Releasing | H4: 17 | I4: =IFS('Caleb K'!G4="1 year ext.", 'Caleb K'!C4+5, 'Caleb K'!G4="2 year ext.", 'Caleb K'!C4+5, 'Caleb K'!G4="3 year ext.", 'Caleb K'!C4+5, 'Caleb K'!G4="Releasing","0") -> 0 | J4: =IFS('Caleb K'!G4="1 year ext.", "0", 'Caleb K'!G4="2 year ext.", 'Caleb K'!C4+10, 'Caleb K'!G4="3 year ext.", 'Caleb K'!C4+10, 'Caleb K'!G4="Releasing","0") -> 0 | K4: =IFS('Caleb K'!G4="1 year ext.", "0", 'Caleb K'!G4="2 year ext.", "0", 'Caleb K'!G4="3 year ext.", 'Caleb K'!C4+15, 'Caleb K'!G4="Releasing","0") -> 0
A5: T. Brady | B5: QB | C5: 3 | D5: 2021 | E5: =IFS('Caleb K'!G5="1 year ext.", "1 of 1 years (ext.)", 'Caleb K'!G5="2 year ext.", "1 of 2 years (ext.)", 'Caleb K'!G5="3 year ext.", "1 of 3 years (ext.)", 'Caleb K'!G5="Releasing","2 of 2 years") -> 2 of 2 years | F5: Yes | G5: Releasing | H5: 3 | I5: =IFS('Caleb K'!G5="1 year ext.", 'Caleb K'!C5+5, 'Caleb K'!G5="2 year ext.", 'Caleb K'!C5+5, 'Caleb K'!G5="3 year ext.", 'Caleb K'!C5+5, 'Caleb K'!G5="Releasing","0") -> 0 | J5: =IFS('Caleb K'!G5="1 year ext.", "0", 'Caleb K'!G5="2 year ext.", 'Caleb K'!C5+10, 'Caleb K'!G5="3 year ext.", 'Caleb K'!C5+10, 'Caleb K'!G5="Releasing","0") -> 0 | K5: =IFS('Caleb K'!G5="1 year ext.", "0", 'Caleb K'!G5="2 year ext.", "0", 'Caleb K'!G5="3 year ext.", 'Caleb K'!C5+15, 'Caleb K'!G5="Releasing","0") -> 0
A6: D. Watson | B6: QB | C6: 2 | D6: 2021 | E6: =IFS('Caleb K'!G6="1 year ext.", "1 of 1 years (ext.)", 'Caleb K'!G6="2 year ext.", "1 of 2 years (ext.)", 'Caleb K'!G6="3 year ext.", "1 of 3 years (ext.)", 'Caleb K'!G6="Releasing","2 of 2 years") -> 1 of 3 years (ext.) | F6: Yes | G6: 3 year ext. | H6: 2 | I6: =IFS('Caleb K'!G6="1 year ext.", 'Caleb K'!C6+5, 'Caleb K'!G6="2 year ext.", 'Caleb K'!C6+5, 'Caleb K'!G6="3 year ext.", 'Caleb K'!C6+5, 'Caleb K'!G6="Releasing","0") -> 7 | J6: =IFS('Caleb K'!G6="1 year ext.", "0", 'Caleb K'!G6="2 year ext.", 'Caleb K'!C6+10, 'Caleb K'!G6="3 year ext.", 'Caleb K'!C6+10, 'Caleb K'!H6="Releasing","0") -> 12 | K6: =IFS('Caleb K'!G6="1 year ext.", "0", 'Caleb K'!G6="2 year ext.", "0", 'Caleb K'!G6="3 year ext.", 'Caleb K'!C6+15, 'Caleb K'!G6="Releasing","0") -> 17
A8: Breece Hall | B8: RB | C8: 28 | D8: 2022 | E8: 2 of 2 years | F8: No | H8: 28 | I8: 28
A9: D. Singletary | B9: RB | C9: 3 | D9: 2021 | E9: =IFS('Caleb K'!G9="1 year ext.", "1 of 1 years (ext.)", 'Caleb K'!G9="2 year ext.", "1 of 2 years (ext.)", 'Caleb K'!G9="3 year ext.", "1 of 3 years (ext.)", 'Caleb K'!G9="Releasing","2 of 2 years") -> 2 of 2 years | F9: Yes | G9: Releasing | H9: 3 | I9: =IFS('Caleb K'!G9="1 year ext.", 'Caleb K'!C9+5, 'Caleb K'!G9="2 year ext.", 'Caleb K'!C9+5, 'Caleb K'!G9="3 year ext.", 'Caleb K'!C9+5, 'Caleb K'!G9="Releasing","0") -> 0 | J9: =IFS('Caleb K'!G9="1 year ext.", "0", 'Caleb K'!G9="2 year ext.", 'Caleb K'!C9+10, 'Caleb K'!G9="3 year ext.", 'Caleb K'!C9+10, 'Caleb K'!G9="Releasing","0") -> 0 | K9: =IFS('Caleb K'!G9="1 year ext.", "0", 'Caleb K'!G9="2 year ext.", "0", 'Caleb K'!G9="3 year ext.", 'Caleb K'!C9+15, 'Caleb K'!G9="Releasing","0") -> 0
A10: K. Drake | B10: RB | C10: 2 | D10: 2021 | E10: =IFS('Caleb K'!G10="1 year ext.", "1 of 1 years (ext.)", 'Caleb K'!G10="2 year ext.", "1 of 2 years (ext.)", 'Caleb K'!G10="3 year ext.", "1 of 3 years (ext.)", 'Caleb K'!G10="Releasing","2 of 2 years") -> 2 of 2 years | F10: Yes | G10: Releasing | H10: 2 | I10: =IFS('Caleb K'!G10="1 year ext.", 'Caleb K'!C10+5, 'Caleb K'!G10="2 year ext.", 'Caleb K'!C10+5, 'Caleb K'!G10="3 year ext.", 'Caleb K'!C10+5, 'Caleb K'!G10="Releasing","0") -> 0 | J10: =IFS('Caleb K'!G10="1 year ext.", "0", 'Caleb K'!G10="2 year ext.", 'Caleb K'!C10+10, 'Caleb K'!G10="3 year ext.", 'Caleb K'!C10+10, 'Caleb K'!G10="Releasing","0") -> 0 | K10: =IFS('Caleb K'!G10="1 year ext.", "0", 'Caleb K'!G10="2 year ext.", "0", 'Caleb K'!G10="3 year ext.", 'Caleb K'!C10+15, 'Caleb K'!G10="Releasing","0") -> 0
A11: D. Pierce | B11: RB | C11: 29 | D11: 2022 | E11: 2 of 2 years | F11: No | H11: 29 | I11: 29
A12: R. Stevensen | B12: RB | C12: 1 | D12: 2021 | E12: =IFS('Caleb K'!G12="1 year ext.", "1 of 1 years (ext.)", 'Caleb K'!G12="2 year ext.", "1 of 2 years (ext.)", 'Caleb K'!G12="3 year ext.", "1 of 3 years (ext.)", 'Caleb K'!G12="Releasing","2 of 2 years") -> 1 of 3 years (ext.) | F12: Yes | G12: 3 year ext. | H12: 1 | I12: =IFS('Caleb K'!G12="1 year ext.", 'Caleb K'!C12+5, 'Caleb K'!G12="2 year ext.", 'Caleb K'!C12+5, 'Caleb K'!G12="3 year ext.", 'Caleb K'!C12+5, 'Caleb K'!G12="Releasing","0") -> 6 | J12: =IFS('Caleb K'!G12="1 year ext.", "0", 'Caleb K'!G12="2 year ext.", 'Caleb K'!C12+10, 'Caleb K'!G12="3 year ext.", 'Caleb K'!C12+10, 'Caleb K'!H12="Releasing","0") -> 11 | K12: =IFS('Caleb K'!G12="1 year ext.", "0", 'Caleb K'!G12="2 year ext.", "0", 'Caleb K'!G12="3 year ext.", 'Caleb K'!C12+15, 'Caleb K'!G12="Releasing","0") -> 16
A14: T. Hill | B14: WR | C14: 37 | D14: 2021 | E14: =IFS('Caleb K'!G14="1 year ext.", "1 of 1 years (ext.)", 'Caleb K'!G14="2 year ext.", "1 of 2 years (ext.)", 'Caleb K'!G14="3 year ext.", "1 of 3 years (ext.)", 'Caleb K'!G14="Releasing","2 of 2 years") -> 1 of 1 years (ext.) | F14: Yes | G14: 1 year ext. | H14: 37 | I14: =IFS('Caleb K'!G14="1 year ext.", 'Caleb K'!C14+5, 'Caleb K'!G14="2 year ext.", 'Caleb K'!C14+5, 'Caleb K'!G14="3 year ext.", 'Caleb K'!C14+5, 'Caleb K'!G14="Releasing","0") -> 42 | J14: =IFS('Caleb K'!G14="1 year ext.", "0", 'Caleb K'!G14="2 year ext.", 'Caleb K'!C14+10, 'Caleb K'!G14="3 year ext.", 'Caleb K'!C14+10, 'Caleb K'!H14="Releasing","0") -> 0 | K14: =IFS('Caleb K'!G14="1 year ext.", "0", 'Caleb K'!G14="2 year ext.", "0", 'Caleb K'!G14="3 year ext.", 'Caleb K'!C14+15, 'Caleb K'!G14="Releasing","0") -> 0
A15: C. Godwin | B15: WR | C15: 15 | D15: 2021 | E15: =IFS('Caleb K'!G15="1 year ext.", "1 of 1 years (ext.)", 'Caleb K'!G15="2 year ext.", "1 of 2 years (ext.)", 'Caleb K'!G15="3 year ext.", "1 of 3 years (ext.)", 'Caleb K'!G15="Releasing","2 of 2 years") -> 2 of 2 years | F15: Yes | G15: Releasing | H15: 15 | I15: =IFS('Caleb K'!G15="1 year ext.", 'Caleb K'!C15+5, 'Caleb K'!G15="2 year ext.", 'Caleb K'!C15+5, 'Caleb K'!G15="3 year ext.", 'Caleb K'!C15+5, 'Caleb K'!G15="Releasing","0") -> 0 | J15: =IFS('Caleb K'!G15="1 year ext.", "0", 'Caleb K'!G15="2 year ext.", 'Caleb K'!C15+10, 'Caleb K'!G15="3 year ext.", 'Caleb K'!C15+10, 'Caleb K'!G15="Releasing","0") -> 0 | K15: =IFS('Caleb K'!G15="1 year ext.", "0", 'Caleb K'!G15="2 year ext.", "0", 'Caleb K'!G15="3 year ext.", 'Caleb K'!C15+15, 'Caleb K'!G15="Releasing","0") -> 0
A16: R. Woods | B16: WR | C16: 15 | D16: 2021 | E16: =IFS('Caleb K'!G16="1 year ext.", "1 of 1 years (ext.)", 'Caleb K'!G16="2 year ext.", "1 of 2 years (ext.)", 'Caleb K'!G16="3 year ext.", "1 of 3 years (ext.)", 'Caleb K'!G16="Releasing","2 of 2 years") -> 2 of 2 years | F16: Yes | G16: Releasing | H16: 15 | I16: =IFS('Caleb K'!G16="1 year ext.", 'Caleb K'!C16+5, 'Caleb K'!G16="2 year ext.", 'Caleb K'!C16+5, 'Caleb K'!G16="3 year ext.", 'Caleb K'!C16+5, 'Caleb K'!G16="Releasing","0") -> 0 | J16: =IFS('Caleb K'!G16="1 year ext.", "0", 'Caleb K'!G16="2 year ext.", 'Caleb K'!C16+10, 'Caleb K'!G16="3 year ext.", 'Caleb K'!C16+10, 'Caleb K'!G16="Releasing","0") -> 0 | K16: =IFS('Caleb K'!G16="1 year ext.", "0", 'Caleb K'!G16="2 year ext.", "0", 'Caleb K'!G16="3 year ext.", 'Caleb K'!C16+15, 'Caleb K'!G16="Releasing","0") -> 0
A17: J. Landry | B17: WR | C17: 3 | D17: 2021 | E17: =IFS('Caleb K'!G17="1 year ext.", "1 of 1 years (ext.)", 'Caleb K'!G17="2 year ext.", "1 of 2 years (ext.)", 'Caleb K'!G17="3 year ext.", "1 of 3 years (ext.)", 'Caleb K'!G17="Releasing","2 of 2 years") -> 2 of 2 years | F17: Yes | G17: Releasing | H17: 3 | I17: =IFS('Caleb K'!G17="1 year ext.", 'Caleb K'!C17+5, 'Caleb K'!G17="2 year ext.", 'Caleb K'!C17+5, 'Caleb K'!G17="3 year ext.", 'Caleb K'!C17+5, 'Caleb K'!G17="Releasing","0") -> 0 | J17: =IFS('Caleb K'!G17="1 year ext.", "0", 'Caleb K'!G17="2 year ext.", 'Caleb K'!C17+10, 'Caleb K'!G17="3 year ext.", 'Caleb K'!C17+10, 'Caleb K'!G17="Releasing","0") -> 0 | K17: =IFS('Caleb K'!G17="1 year ext.", "0", 'Caleb K'!G17="2 year ext.", "0", 'Caleb K'!G17="3 year ext.", 'Caleb K'!C17+15, 'Caleb K'!G17="Releasing","0") -> 0
A18: K. Toney | B18: WR | C18: 20 | D18: 2022 | E18: 2 of 2 years | F18: No | H18: 20 | I18: 20
A19: J. Dotson | B19: WR | C19: 7 | D19: 2022 | E19: 2 of 2 years | F19: No | H19: 7 | I19: 7
A20: W. Fuller | B20: WR | C20: 2 | D20: 2021 | E20: =IFS('Caleb K'!G20="1 year ext.", "1 of 1 years (ext.)", 'Caleb K'!G20="2 year ext.", "1 of 2 years (ext.)", 'Caleb K'!G20="3 year ext.", "1 of 3 years (ext.)", 'Caleb K'!G20="Releasing","2 of 2 years") -> 2 of 2 years | F20: Yes | G20: Releasing | H20: 2 | I20: =IFS('Caleb K'!G20="1 year ext.", 'Caleb K'!C20+5, 'Caleb K'!G20="2 year ext.", 'Caleb K'!C20+5, 'Caleb K'!G20="3 year ext.", 'Caleb K'!C20+5, 'Caleb K'!G20="Releasing","0") -> 0 | J20: =IFS('Caleb K'!G20="1 year ext.", "0", 'Caleb K'!G20="2 year ext.", 'Caleb K'!C20+10, 'Caleb K'!G20="3 year ext.", 'Caleb K'!C20+10, 'Caleb K'!G20="Releasing","0") -> 0 | K20: =IFS('Caleb K'!G20="1 year ext.", "0", 'Caleb K'!G20="2 year ext.", "0", 'Caleb K'!G20="3 year ext.", 'Caleb K'!C20+15, 'Caleb K'!G20="Releasing","0") -> 0
A22: K. Pitts | B22: TE | C22: 20 | D22: 2021 | E22: =IFS('Caleb K'!G22="1 year ext.", "1 of 1 years (ext.)", 'Caleb K'!G22="2 year ext.", "1 of 2 years (ext.)", 'Caleb K'!G22="3 year ext.", "1 of 3 years (ext.)", 'Caleb K'!G22="Releasing","2 of 2 years") -> 2 of 2 years | F22: Yes | G22: Releasing | H22: 20 | I22: =IFS('Caleb K'!G22="1 year ext.", 'Caleb K'!C22+5, 'Caleb K'!G22="2 year ext.", 'Caleb K'!C22+5, 'Caleb K'!G22="3 year ext.", 'Caleb K'!C22+5, 'Caleb K'!G22="Releasing","0") -> 0 | J22: =IFS('Caleb K'!G22="1 year ext.", "0", 'Caleb K'!G22="2 year ext.", 'Caleb K'!C22+10, 'Caleb K'!G22="3 year ext.", 'Caleb K'!C22+10, 'Caleb K'!G22="Releasing","0") -> 0 | K22: =IFS('Caleb K'!G22="1 year ext.", "0", 'Caleb K'!G22="2 year ext.", "0", 'Caleb K'!G22="3 year ext.", 'Caleb K'!C22+15, 'Caleb K'!G22="Releasing","0") -> 0
A24: Tampa Bay | B24: D | C24: 2 | D24: 2021 | E24: =IFS('Caleb K'!G24="1 year ext.", "1 of 1 years (ext.)", 'Caleb K'!G24="2 year ext.", "1 of 2 years (ext.)", 'Caleb K'!G24="3 year ext.", "1 of 3 years (ext.)", 'Caleb K'!G24="Releasing","2 of 2 years") -> 2 of 2 years | F24: Yes | G24: Releasing | H24: 2 | I24: =IFS('Caleb K'!G24="1 year ext.", 'Caleb K'!C24+5, 'Caleb K'!G24="2 year ext.", 'Caleb K'!C24+5, 'Caleb K'!G24="3 year ext.", 'Caleb K'!C24+5, 'Caleb K'!G24="Releasing","0") -> 0 | J24: =IFS('Caleb K'!G24="1 year ext.", "0", 'Caleb K'!G24="2 year ext.", 'Caleb K'!C24+10, 'Caleb K'!G24="3 year ext.", 'Caleb K'!C24+10, 'Caleb K'!G24="Releasing","0") -> 0 | K24: =IFS('Caleb K'!G24="1 year ext.", "0", 'Caleb K'!G24="2 year ext.", "0", 'Caleb K'!G24="3 year ext.", 'Caleb K'!C24+15, 'Caleb K'!G24="Releasing","0") -> 0
A25: Pit | B25: D | C25: 2 | D25: 2021 | E25: =IFS('Caleb K'!G25="1 year ext.", "1 of 1 years (ext.)", 'Caleb K'!G25="2 year ext.", "1 of 2 years (ext.)", 'Caleb K'!G25="3 year ext.", "1 of 3 years (ext.)", 'Caleb K'!G25="Releasing","2 of 2 years") -> 2 of 2 years | F25: Yes | G25: Releasing | H25: 2 | I25: =IFS('Caleb K'!G25="1 year ext.", 'Caleb K'!C25+5, 'Caleb K'!G25="2 year ext.", 'Caleb K'!C25+5, 'Caleb K'!G25="3 year ext.", 'Caleb K'!C25+5, 'Caleb K'!G25="Releasing","0") -> 0 | J25: =IFS('Caleb K'!G25="1 year ext.", "0", 'Caleb K'!G25="2 year ext.", 'Caleb K'!C25+10, 'Caleb K'!G25="3 year ext.", 'Caleb K'!C25+10, 'Caleb K'!G25="Releasing","0") -> 0 | K25: =IFS('Caleb K'!G25="1 year ext.", "0", 'Caleb K'!G25="2 year ext.", "0", 'Caleb K'!G25="3 year ext.", 'Caleb K'!C25+15, 'Caleb K'!G25="Releasing","0") -> 0
A30: Cut Players
A31: M. Gallup | D31: 2021 | E31: 2 of 2 years | H31: 1
A32: Chubba Hubbard | D32: 2021 | E32: 2 of 2 years | H32: 1
A33: P. Lindsay | D33: 2021 | E33: 2 of 2 years | H33: 1
A34: T. Coleman | D34: 2021 | E34: 2 of 2 years | H34: 2
A35: D. Harris | D35: 2021 | E35: 2 of 2 years | H35: 1
A36: Pat Mahomes | D36: 2021 | E36: 2 of 2 years | H36: 16
A37: R. Mostert | D37: 2021 | E37: 2 of 2 years | H37: 5
A38: C. Herndon | D38: 2021 | E38: 2 of 2 years | H38: 1
A39: J Tucker | D39: 2021 | E39: 2 of 2 years | H39: 2
A41: TOTAL SALARY | C41: =SUM('Caleb K'!C3:C39) -> 213 | H41: =SUM('Caleb K'!H3:H39) -> 243 | I41: =SUM('Caleb K'!I3:I39) -> 144 | J41: =SUM('Caleb K'!J3:J39) -> 23 | K41: =SUM('Caleb K'!K3:K39) -> 33
A42: Salary Available | C42: =(250-'Caleb K'!C41) -> 37 | H42: =(250-'Caleb K'!H41) -> 7 | I42: =(250-'Caleb K'!I41) -> 106 | J42: =(250-'Caleb K'!J41) -> 227 | K42: =(250-'Caleb K'!K41) -> 217

Sheet Chris G
A1: Chris G
A2: Player | B2: Position | C2: Current Salary | D2: Year Drafted | E2: Status of Contract | F2: Contract Year? | G2: Extending Contract? | H2: 2022-23 Salary | I2: 2023-24 Salary | J2: 2024-25 Salary | K2: 2025-26 Salary | L2: Notes
A3: D. Prescott | B3: QB | C3: 8 | D3: 2021 | E3: =IFS('Chris G'!G3="1 year ext.", "1 of 1 years (ext.)", 'Chris G'!G3="2 year ext.", "1 of 2 ext.", 'Chris G'!G3="3 year ext.", "1 of 3 ext.", 'Chris G'!G3="Releasing","2 of 2 years") -> 1 of 1 years (ext.) | F3: Yes | G3: 1 year ext. | H3: 8 | I3: =IFS('Chris G'!G3="1 year ext.", 'Chris G'!C3+5, 'Chris G'!G3="2 year ext.", 'Chris G'!C3+5, 'Chris G'!G3="3 year ext.", 'Chris G'!C3+5, 'Chris G'!G3="Releasing","0") -> 13 | J3: =IFS('Chris G'!G3="1 year ext.", "0", 'Chris G'!G3="2 year ext.", 'Chris G'!C3+10, 'Chris G'!G3="3 year ext.", 'Chris G'!C3+10, 'Chris G'!G3="Releasing","0") -> 0 | K3: =IFS('Chris G'!G3="1 year ext.", "0", 'Chris G'!G3="2 year ext.", "0", 'Chris G'!G3="3 year ext.", 'Chris G'!C3+15, 'Chris G'!G3="Releasing","0") -> 0
A4: M. Stafford | B4: QB | C4: 3 | D4: 2021 | E4: =IFS('Chris G'!G4="1 year ext.", "1 of 1 years (ext.)", 'Chris G'!G4="2 year ext.", "1 of 2 ext.", 'Chris G'!G4="3 year ext.", "1 of 3 ext.", 'Chris G'!G4="Releasing","2 of 2 years") -> 1 of 1 years (ext.) | F4: Yes | G4: 1 year ext. | H4: 3 | I4: =IFS('Chris G'!G4="1 year ext.", 'Chris G'!C4+5, 'Chris G'!G4="2 year ext.", 'Chris G'!C4+5, 'Chris G'!G4="3 year ext.", 'Chris G'!C4+5, 'Chris G'!G4="Releasing","0") -> 8 | J4: =IFS('Chris G'!G4="1 year ext.", "0", 'Chris G'!G4="2 year ext.", 'Chris G'!C4+10, 'Chris G'!G4="3 year ext.", 'Chris G'!C4+10, 'Chris G'!G4="Releasing","0") -> 0 | K4: =IFS('Chris G'!G4="1 year ext.", "0", 'Chris G'!G4="2 year ext.", "0", 'Chris G'!G4="3 year ext.", 'Chris G'!C4+15, 'Chris G'!G4="Releasing","0") -> 0
A6: J. Jacobs | B6: RB | C6: 28 | D6: 2021 | E6: =IFS('Chris G'!G6="1 year ext.", "1 of 1 years (ext.)", 'Chris G'!G6="2 year ext.", "1 of 2 ext.", 'Chris G'!G6="3 year ext.", "1 of 3 ext.", 'Chris G'!G6="Releasing","2 of 2 years") -> 1 of 1 years (ext.) | F6: Yes | G6: 1 year ext. | H6: 28 | I6: =IFS('Chris G'!G6="1 year ext.", 'Chris G'!C6+5, 'Chris G'!G6="2 year ext.", 'Chris G'!C6+5, 'Chris G'!G6="3 year ext.", 'Chris G'!C6+5, 'Chris G'!G6="Releasing","0") -> 33 | J6: =IFS('Chris G'!G6="1 year ext.", "0", 'Chris G'!G6="2 year ext.", 'Chris G'!C6+10, 'Chris G'!G6="3 year ext.", 'Chris G'!C6+10, 'Chris G'!G6="Releasing","0") -> 0 | K6: =IFS('Chris G'!G6="1 year ext.", "0", 'Chris G'!G6="2 year ext.", "0", 'Chris G'!G6="3 year ext.", 'Chris G'!C6+15, 'Chris G'!G6="Releasing","0") -> 0
A7: A. Ekeler | B7: RB | C7: 29 | D7: 2021 | E7: =IFS('Chris G'!G7="1 year ext.", "1 of 1 years (ext.)", 'Chris G'!G7="2 year ext.", "1 of 2 ext.", 'Chris G'!G7="3 year ext.", "1 of 3 ext.", 'Chris G'!G7="Releasing","2 of 2 years") -> 1 of 2 ext. | F7: Yes | G7: 2 year ext. | H7: 29 | I7: =IFS('Chris G'!G7="1 year ext.", 'Chris G'!C7+5, 'Chris G'!G7="2 year ext.", 'Chris G'!C7+5, 'Chris G'!G7="3 year ext.", 'Chris G'!C7+5, 'Chris G'!G7="Releasing","0") -> 34 | J7: =IFS('Chris G'!G7="1 year ext.", "0", 'Chris G'!G7="2 year ext.", 'Chris G'!C7+10, 'Chris G'!G7="3 year ext.", 'Chris G'!C7+10, 'Chris G'!G7="Releasing","0") -> 39 | K7: =IFS('Chris G'!G7="1 year ext.", "0", 'Chris G'!G7="2 year ext.", "0", 'Chris G'!G7="3 year ext.", 'Chris G'!C7+15, 'Chris G'!G7="Releasing","0") -> 0
A8: I. Spiller | B8: RB | C8: 6 | D8: 2022 | E8: 2 of 2 years | F8: No | H8: 6
A9: J. Connor | B9: RB | C9: 2 | D9: 2021 | E9: =IFS('Chris G'!G9="1 year ext.", "1 of 1 years (ext.)", 'Chris G'!G9="2 year ext.", "1 of 2 ext.", 'Chris G'!G9="3 year ext.", "1 of 3 ext.", 'Chris G'!G9="Releasing","2 of 2 years") -> 1 of 2 ext. | F9: Yes | G9: 2 year ext. | H9: 2 | I9: =IFS('Chris G'!G9="1 year ext.", 'Chris G'!C9+5, 'Chris G'!G9="2 year ext.", 'Chris G'!C9+5, 'Chris G'!G9="3 year ext.", 'Chris G'!C9+5, 'Chris G'!G9="Releasing","0") -> 7 | J9: =IFS('Chris G'!G9="1 year ext.", "0", 'Chris G'!G9="2 year ext.", 'Chris G'!C9+10, 'Chris G'!G9="3 year ext.", 'Chris G'!C9+10, 'Chris G'!G9="Releasing","0") -> 12 | K9: =IFS('Chris G'!G9="1 year ext.", "0", 'Chris G'!G9="2 year ext.", "0", 'Chris G'!G9="3 year ext.", 'Chris G'!C9+15, 'Chris G'!G9="Releasing","0") -> 0
A10: N. Hines | B10: RB | C10: 1 | D10: 2021 | E10: =IFS('Chris G'!G10="1 year ext.", "1 of 1 years (ext.)", 'Chris G'!G10="2 year ext.", "1 of 2 ext.", 'Chris G'!G10="3 year ext.", "1 of 3 ext.", 'Chris G'!G10="Releasing","2 of 2 years") -> 2 of 2 years | F10: Yes | G10: Releasing | H10: 1 | I10: =IFS('Chris G'!G10="1 year ext.", 'Chris G'!C10+5, 'Chris G'!G10="2 year ext.", 'Chris G'!C10+5, 'Chris G'!G10="3 year ext.", 'Chris G'!C10+5, 'Chris G'!G10="Releasing","0") -> 0 | J10: =IFS('Chris G'!G10="1 year ext.", "0", 'Chris G'!G10="2 year ext.", 'Chris G'!C10+10, 'Chris G'!G10="3 year ext.", 'Chris G'!C10+10, 'Chris G'!G10="Releasing","0") -> 0 | K10: =IFS('Chris G'!G10="1 year ext.", "0", 'Chris G'!G10="2 year ext.", "0", 'Chris G'!G10="3 year ext.", 'Chris G'!C10+15, 'Chris G'!G10="Releasing","0") -> 0
A11: J. White | B11: RB | C11: 1 | D11: 2021 | E11: =IFS('Chris G'!G11="1 year ext.", "1 of 1 years (ext.)", 'Chris G'!G11="2 year ext.", "1 of 2 ext.", 'Chris G'!G11="3 year ext.", "1 of 3 ext.", 'Chris G'!G11="Releasing","2 of 2 years") -> 2 of 2 years | F11: Yes | G11: Releasing | H11: 1 | I11: =IFS('Chris G'!G11="1 year ext.", 'Chris G'!C11+5, 'Chris G'!G11="2 year ext.", 'Chris G'!C11+5, 'Chris G'!G11="3 year ext.", 'Chris G'!C11+5, 'Chris G'!G11="Releasing","0") -> 0 | J11: =IFS('Chris G'!G11="1 year ext.", "0", 'Chris G'!G11="2 year ext.", 'Chris G'!C11+10, 'Chris G'!G11="3 year ext.", 'Chris G'!C11+10, 'Chris G'!G11="Releasing","0") -> 0 | K11: =IFS('Chris G'!G11="1 year ext.", "0", 'Chris G'!G11="2 year ext.", "0", 'Chris G'!G11="3 year ext.", 'Chris G'!C11+15, 'Chris G'!G11="Releasing","0") -> 0
A12: Rachaad White | B12: RB | C12: 4 | D12: 2022 | E12: 2 of 2 years | F12: No | H12: 4
A14: C. Lamb | B14: WR | C14: 20 | D14: 2021 | E14: =IFS('Chris G'!G14="1 year ext.", "1 of 1 years (ext.)", 'Chris G'!G14="2 year ext.", "1 of 2 ext.", 'Chris G'!G14="3 year ext.", "1 of 3 ext.", 'Chris G'!G14="Releasing","2 of 2 years") -> 1 of 3 ext. | F14: Yes | G14: 3 year ext. | H14: 20 | I14: =IFS('Chris G'!G14="1 year ext.", 'Chris G'!C14+5, 'Chris G'!G14="2 year ext.", 'Chris G'!C14+5, 'Chris G'!G14="3 year ext.", 'Chris G'!C14+5, 'Chris G'!G14="Releasing","0") -> 25 | J14: =IFS('Chris G'!G14="1 year ext.", "0", 'Chris G'!G14="2 year ext.", 'Chris G'!C14+10, 'Chris G'!G14="3 year ext.", 'Chris G'!C14+10, 'Chris G'!G14="Releasing","0") -> 30 | K14: =IFS('Chris G'!G14="1 year ext.", "0", 'Chris G'!G14="2 year ext.", "0", 'Chris G'!G14="3 year ext.", 'Chris G'!C14+15, 'Chris G'!G14="Releasing","0") -> 35
A15: K. Allen | B15: WR | C15: 24 | D15: 2021 | E15: =IFS('Chris G'!G15="1 year ext.", "1 of 1 years (ext.)", 'Chris G'!G15="2 year ext.", "1 of 2 ext.", 'Chris G'!G15="3 year ext.", "1 of 3 ext.", 'Chris G'!G15="Releasing","2 of 2 years") -> 1 of 1 years (ext.) | F15: Yes | G15: 1 year ext. | H15: 24 | I15: =IFS('Chris G'!G15="1 year ext.", 'Chris G'!C15+5, 'Chris G'!G15="2 year ext.", 'Chris G'!C15+5, 'Chris G'!G15="3 year ext.", 'Chris G'!C15+5, 'Chris G'!G15="Releasing","0") -> 29 | J15: =IFS('Chris G'!G15="1 year ext.", "0", 'Chris G'!G15="2 year ext.", 'Chris G'!C15+10, 'Chris G'!G15="3 year ext.", 'Chris G'!C15+10, 'Chris G'!G15="Releasing","0") -> 0 | K15: =IFS('Chris G'!G15="1 year ext.", "0", 'Chris G'!G15="2 year ext.", "0", 'Chris G'!G15="3 year ext.", 'Chris G'!C15+15, 'Chris G'!G15="Releasing","0") -> 0
A16: C. Davis | B16: WR | C16: 3 | D16: 2021 | E16: =IFS('Chris G'!G16="1 year ext.", "1 of 1 years (ext.)", 'Chris G'!G16="2 year ext.", "1 of 2 ext.", 'Chris G'!G16="3 year ext.", "1 of 3 ext.", 'Chris G'!G16="Releasing","2 of 2 years") -> 2 of 2 years | F16: Yes | G16: Releasing | H16: 3 | I16: =IFS('Chris G'!G16="1 year ext.", 'Chris G'!C16+5, 'Chris G'!G16="2 year ext.", 'Chris G'!C16+5, 'Chris G'!G16="3 year ext.", 'Chris G'!C16+5, 'Chris G'!G16="Releasing","0") -> 0 | J16: =IFS('Chris G'!G16="1 year ext.", "0", 'Chris G'!G16="2 year ext.", 'Chris G'!C16+10, 'Chris G'!G16="3 year ext.", 'Chris G'!C16+10, 'Chris G'!G16="Releasing","0") -> 0 | K16: =IFS('Chris G'!G16="1 year ext.", "0", 'Chris G'!G16="2 year ext.", "0", 'Chris G'!G16="3 year ext.", 'Chris G'!C16+15, 'Chris G'!G16="Releasing","0") -> 0
A17: S. Shepard | B17: WR | C17: 1 | D17: 2021 | E17: =IFS('Chris G'!G17="1 year ext.", "1 of 1 years (ext.)", 'Chris G'!G17="2 year ext.", "1 of 2 ext.", 'Chris G'!G17="3 year ext.", "1 of 3 ext.", 'Chris G'!G17="Releasing","2 of 2 years") -> 2 of 2 years | F17: Yes | G17: Releasing | H17: 1 | I17: =IFS('Chris G'!G17="1 year ext.", 'Chris G'!C17+5, 'Chris G'!G17="2 year ext.", 'Chris G'!C17+5, 'Chris G'!G17="3 year ext.", 'Chris G'!C17+5, 'Chris G'!G17="Releasing","0") -> 0 | J17: =IFS('Chris G'!G17="1 year ext.", "0", 'Chris G'!G17="2 year ext.", 'Chris G'!C17+10, 'Chris G'!G17="3 year ext.", 'Chris G'!C17+10, 'Chris G'!G17="Releasing","0") -> 0 | K17: =IFS('Chris G'!G17="1 year ext.", "0", 'Chris G'!G17="2 year ext.", "0", 'Chris G'!G17="3 year ext.", 'Chris G'!C17+15, 'Chris G'!G17="Releasing","0") -> 0
A18: R. Bateman | B18: WR | C18: 1 | D18: 2021 | E18: =IFS('Chris G'!G18="1 year ext.", "1 of 1 years (ext.)", 'Chris G'!G18="2 year ext.", "1 of 2 ext.", 'Chris G'!G18="3 year ext.", "1 of 3 ext.", 'Chris G'!G18="Releasing","2 of 2 years") -> 1 of 2 ext. | F18: Yes | G18: 2 year ext. | H18: 1 | I18: =IFS('Chris G'!G18="1 year ext.", 'Chris G'!C18+5, 'Chris G'!G18="2 year ext.", 'Chris G'!C18+5, 'Chris G'!G18="3 year ext.", 'Chris G'!C18+5, 'Chris G'!G18="Releasing","0") -> 6 | J18: =IFS('Chris G'!G18="1 year ext.", "0", 'Chris G'!G18="2 year ext.", 'Chris G'!C18+10, 'Chris G'!G18="3 year ext.", 'Chris G'!C18+10, 'Chris G'!G18="Releasing","0") -> 11 | K18: =IFS('Chris G'!G18="1 year ext.", "0", 'Chris G'!G18="2 year ext.", "0", 'Chris G'!G18="3 year ext.", 'Chris G'!C18+15, 'Chris G'!G18="Releasing","0") -> 0
A19: George Pickens | B19: WR | C19: 12 | D19: 2022 | E19: 2 of 2 years | F19: No | H19: 12
A20: Romeo Doubs | B20: WR | C20: 8 | D20: 2022 | E20: 2 of 2 years | F20: No | H20: 8
A22: G. Kittle | B22: TE | C22: 24 | D22: 2021 | E22: =IFS('Chris G'!G22="1 year ext.", "1 of 1 years (ext.)", 'Chris G'!G22="2 year ext.", "1 of 2 ext.", 'Chris G'!G22="3 year ext.", "1 of 3 ext.", 'Chris G'!G22="Releasing","2 of 2 years") -> 1 of 1 years (ext.) | F22: Yes | G22: 1 year ext. | H22: 24 | I22: =IFS('Chris G'!G22="1 year ext.", 'Chris G'!C22+5, 'Chris G'!G22="2 year ext.", 'Chris G'!C22+5, 'Chris G'!G22="3 year ext.", 'Chris G'!C22+5, 'Chris G'!G22="Releasing","0") -> 29 | J22: =IFS('Chris G'!G22="1 year ext.", "0", 'Chris G'!G22="2 year ext.", 'Chris G'!C22+10, 'Chris G'!G22="3 year ext.", 'Chris G'!C22+10, 'Chris G'!G22="Releasing","0") -> 0 | K22: =IFS('Chris G'!G22="1 year ext.", "0", 'Chris G'!G22="2 year ext.", "0", 'Chris G'!G22="3 year ext.", 'Chris G'!C22+15, 'Chris G'!G22="Releasing","0") -> 0
A23: L. Thomas | B23: TE | C23: 2 | D23: 2021 | E23: =IFS('Chris G'!G23="1 year ext.", "1 of 1 years (ext.)", 'Chris G'!G23="2 year ext.", "1 of 2 ext.", 'Chris G'!G23="3 year ext.", "1 of 3 ext.", 'Chris G'!G23="Releasing","2 of 2 years") -> 2 of 2 years | F23: Yes | G23: Releasing | H23: 2 | I23: =IFS('Chris G'!G23="1 year ext.", 'Chris G'!C23+5, 'Chris G'!G23="2 year ext.", 'Chris G'!C23+5, 'Chris G'!G23="3 year ext.", 'Chris G'!C23+5, 'Chris G'!G23="Releasing","0") -> 0 | J23: =IFS('Chris G'!G23="1 year ext.", "0", 'Chris G'!G23="2 year ext.", 'Chris G'!C23+10, 'Chris G'!G23="3 year ext.", 'Chris G'!C23+10, 'Chris G'!G23="Releasing","0") -> 0 | K23: =IFS('Chris G'!G23="1 year ext.", "0", 'Chris G'!G23="2 year ext.", "0", 'Chris G'!G23="3 year ext.", 'Chris G'!C23+15, 'Chris G'!G23="Releasing","0") -> 0
A24: Pat Friermuth | B24: TE | C24: 5 | D24: 2022 | E24: 2 of 2 years | F24: No | H24: 5
A26: T. Bass | B26: K | C26: 1 | D26: 2021 | E26: =IFS('Chris G'!G26="1 year ext.", "1 of 1 years (ext.)", 'Chris G'!G26="2 year ext.", "1 of 2 ext.", 'Chris G'!G26="3 year ext.", "1 of 3 ext.", 'Chris G'!G26="Releasing","2 of 2 years") -> 2 of 2 years | F26: Yes | G26: Releasing | H26: 1 | I26: =IFS('Chris G'!G26="1 year ext.", 'Chris G'!C26+5, 'Chris G'!G26="2 year ext.", 'Chris G'!C26+5, 'Chris G'!G26="3 year ext.", 'Chris G'!C26+5, 'Chris G'!G26="Releasing","0") -> 0 | J26: =IFS('Chris G'!G26="1 year ext.", "0", 'Chris G'!G26="2 year ext.", 'Chris G'!C26+10, 'Chris G'!G26="3 year ext.", 'Chris G'!C26+10, 'Chris G'!G26="Releasing","0") -> 0 | K26: =IFS('Chris G'!G26="1 year ext.", "0", 'Chris G'!G26="2 year ext.", "0", 'Chris G'!G26="3 year ext.", 'Chris G'!C26+15, 'Chris G'!G26="Releasing","0") -> 0
A27: M. Gay | B27: K | C27: 1 | D27: 2021 | E27: =IFS('Chris G'!G27="1 year ext.", "1 of 1 years (ext.)", 'Chris G'!G27="2 year ext.", "1 of 2 ext.", 'Chris G'!G27="3 year ext.", "1 of 3 ext.", 'Chris G'!G27="Releasing","2 of 2 years") -> 2 of 2 years | F27: Yes | G27: Releasing | H27: 1 | I27: =IFS('Chris G'!G27="1 year ext.", 'Chris G'!C27+5, 'Chris G'!G27="2 year ext.", 'Chris G'!C27+5, 'Chris G'!G27="3 year ext.", 'Chris G'!C27+5, 'Chris G'!G27="Releasing","0") -> 0 | J27: =IFS('Chris G'!G27="1 year ext.", "0", 'Chris G'!G27="2 year ext.", 'Chris G'!C27+10, 'Chris G'!G27="3 year ext.", 'Chris G'!C27+10, 'Chris G'!G27="Releasing","0") -> 0 | K27: =IFS('Chris G'!G27="1 year ext.", "0", 'Chris G'!G27="2 year ext.", "0", 'Chris G'!G27="3 year ext.", 'Chris G'!C27+15, 'Chris G'!G27="Releasing","0") -> 0
A28: IND | B28: D | C28: 1 | D28: 2021 | E28: =IFS('Chris G'!G28="1 year ext.", "1 of 1 years (ext.)", 'Chris G'!G28="2 year ext.", "1 of 2 ext.", 'Chris G'!G28="3 year ext.", "1 of 3 ext.", 'Chris G'!G28="Releasing","2 of 2 years") -> 2 of 2 years | F28: Yes | G28: Releasing | H28: 1 | I28: =IFS('Chris G'!G28="1 year ext.", 'Chris G'!C28+5, 'Chris G'!G28="2 year ext.", 'Chris G'!C28+5, 'Chris G'!G28="3 year ext.", 'Chris G'!C28+5, 'Chris G'!G28="Releasing","0") -> 0 | J28: =IFS('Chris G'!G28="1 year ext.", "0", 'Chris G'!G28="2 year ext.", 'Chris G'!C28+10, 'Chris G'!G28="3 year ext.", 'Chris G'!C28+10, 'Chris G'!G28="Releasing","0") -> 0 | K28: =IFS('Chris G'!G28="1 year ext.", "0", 'Chris G'!G28="2 year ext.", "0", 'Chris G'!G28="3 year ext.", 'Chris G'!C28+15, 'Chris G'!G28="Releasing","0") -> 0
A29: NE | B29: D | C29: 1 | D29: 2021 | E29: =IFS('Chris G'!G29="1 year ext.", "1 of 1 years (ext.)", 'Chris G'!G29="2 year ext.", "1 of 2 ext.", 'Chris G'!G29="3 year ext.", "1 of 3 ext.", 'Chris G'!G29="Releasing","2 of 2 years") -> 2 of 2 years | F29: Yes | G29: Releasing | H29: 1 | I29: =IFS('Chris G'!G29="1 year ext.", 'Chris G'!C29+5, 'Chris G'!G29="2 year ext.", 'Chris G'!C29+5, 'Chris G'!G29="3 year ext.", 'Chris G'!C29+5, 'Chris G'!G29="Releasing","0") -> 0 | J29: =IFS('Chris G'!G29="1 year ext.", "0", 'Chris G'!G29="2 year ext.", 'Chris G'!C29+10, 'Chris G'!G29="3 year ext.", 'Chris G'!C29+10, 'Chris G'!G29="Releasing","0") -> 0 | K29: =IFS('Chris G'!G29="1 year ext.", "0", 'Chris G'!G29="2 year ext.", "0", 'Chris G'!G29="3 year ext.", 'Chris G'!C29+15, 'Chris G'!G29="Releasing","0") -> 0
A31: Cut Players
A32: C. Ridley | D32: 2021 | E32: 2 of 2 years | H32: 15
A42: TOTAL SALARY | C42: =SUM('Chris G'!C3:'Chris G'!C40) -> 186 | H42: =SUM('Chris G'!H3:'Chris G'!H40) -> 201 | I42: =SUM('Chris G'!I3:'Chris G'!I40) -> 184 | J42: =SUM('Chris G'!J3:'Chris G'!J40) -> 92 | K42: =SUM('Chris G'!K3:'Chris G'!K40) -> 35
A43: Salary Available | C43: =250-'Chris G'!C42 -> 64 | H43: =250-'Chris G'!H42 -> 49 | I43: =250-'Chris G'!I42 -> 66 | J43: =250-'Chris G'!J42 -> 158 | K43: =250-'Chris G'!K42 -> 215

Sheet Colby L
A1: Colby L
A2: Player | B2: Position | C2: Salary | D2: Year Drafted | E2: Status of Contract | F2: Contract Year? | G2: Extending Contract? | H2: 2022-23 Salary | I2: 2023-24 Salary | J2: 2024-25 Salary | K2: 2025-26 Salary | L2: Notes
A3: M. Jones | B3: QB | C3: 7 | D3: 2021 | E3: =IFS('Colby L'!G3="1 year ext.", "1 of 1 years (ext.)", 'Colby L'!G3="2 year ext.", "1 of 2 years (ext.)", 'Colby L'!G3="3 year ext.", "1 of 3 years (ext.)", 'Colby L'!G3="Releasing","2 of 2 years") -> 2 of 2 years | F3: Yes | G3: Releasing | H3: 7 | I3: =IFS('Colby L'!G3="1 year ext.", 'Colby L'!C3+5, 'Colby L'!G3="2 year ext.", 'Colby L'!C3+5, 'Colby L'!G3="3 year ext.", 'Colby L'!C3+5, 'Colby L'!G3="Releasing","0") -> 0 | J3: =IFS('Colby L'!G3="1 year ext.", "0", 'Colby L'!G3="2 year ext.", 'Colby L'!C3+10, 'Colby L'!G3="3 year ext.", 'Colby L'!C3+10, 'Colby L'!G3="Releasing","0") -> 0 | K3: =IFS('Colby L'!G3="1 year ext.", "0", 'Colby L'!G3="2 year ext.", "0", 'Colby L'!G3="3 year ext.", 'Colby L'!C3+15, 'Colby L'!G3="Releasing","0") -> 0
A4: K. Cousins | B4: QB | C4: 1 | D4: 2021 | E4: =IFS('Colby L'!G4="1 year ext.", "1 of 1 years (ext.)", 'Colby L'!G4="2 year ext.", "1 of 2 years (ext.)", 'Colby L'!G4="3 year ext.", "1 of 3 years (ext.)", 'Colby L'!G4="Releasing","2 of 2 years") -> 1 of 2 years (ext.) | F4: Yes | G4: 2 year ext. | H4: 1 | I4: =IFS('Colby L'!G4="1 year ext.", 'Colby L'!C4+5, 'Colby L'!G4="2 year ext.", 'Colby L'!C4+5, 'Colby L'!G4="3 year ext.", 'Colby L'!C4+5, 'Colby L'!G4="Releasing","0") -> 6 | J4: =IFS('Colby L'!G4="1 year ext.", "0", 'Colby L'!G4="2 year ext.", 'Colby L'!C4+10, 'Colby L'!G4="3 year ext.", 'Colby L'!C4+10, 'Colby L'!G4="Releasing","0") -> 11 | K4: =IFS('Colby L'!G4="1 year ext.", "0", 'Colby L'!G4="2 year ext.", "0", 'Colby L'!G4="3 year ext.", 'Colby L'!C4+15, 'Colby L'!G4="Releasing","0") -> 0
A6: N. Chubb | B6: RB | C6: 44 | D6: 2021 | E6: =IFS('Colby L'!G6="1 year ext.", "1 of 1 years (ext.)", 'Colby L'!G6="2 year ext.", "1 of 2 years (ext.)", 'Colby L'!G6="3 year ext.", "1 of 3 years (ext.)", 'Colby L'!G6="Releasing","2 of 2 years") -> 1 of 2 years (ext.) | F6: Yes | G6: 2 year ext. | H6: 44 | I6: =IFS('Colby L'!G6="1 year ext.", 'Colby L'!C6+5, 'Colby L'!G6="2 year ext.", 'Colby L'!C6+5, 'Colby L'!G6="3 year ext.", 'Colby L'!C6+5, 'Colby L'!G6="Releasing","0") -> 49 | J6: =IFS('Colby L'!G6="1 year ext.", "0", 'Colby L'!G6="2 year ext.", 'Colby L'!C6+10, 'Colby L'!G6="3 year ext.", 'Colby L'!C6+10, 'Colby L'!G6="Releasing","0") -> 54 | K6: =IFS('Colby L'!G6="1 year ext.", "0", 'Colby L'!G6="2 year ext.", "0", 'Colby L'!G6="3 year ext.", 'Colby L'!C6+15, 'Colby L'!G6="Releasing","0") -> 0
A7: CEH | B7: RB | C7: 30 | D7: 2021 | E7: =IFS('Colby L'!G7="1 year ext.", "1 of 1 years (ext.)", 'Colby L'!G7="2 year ext.", "1 of 2 years (ext.)", 'Colby L'!G7="3 year ext.", "1 of 3 years (ext.)", 'Colby L'!G7="Releasing","2 of 2 years") -> 2 of 2 years | F7: Yes | G7: Releasing | H7: 30 | I7: =IFS('Colby L'!G7="1 year ext.", 'Colby L'!C7+5, 'Colby L'!G7="2 year ext.", 'Colby L'!C7+5, 'Colby L'!G7="3 year ext.", 'Colby L'!C7+5, 'Colby L'!G7="Releasing","0") -> 0 | J7: =IFS('Colby L'!G7="1 year ext.", "0", 'Colby L'!G7="2 year ext.", 'Colby L'!C7+10, 'Colby L'!G7="3 year ext.", 'Colby L'!C7+10, 'Colby L'!G7="Releasing","0") -> 0 | K7: =IFS('Colby L'!G7="1 year ext.", "0", 'Colby L'!G7="2 year ext.", "0", 'Colby L'!G7="3 year ext.", 'Colby L'!C7+15, 'Colby L'!G7="Releasing","0") -> 0
A8: M. Sanders | B8: RB | C8: 30 | D8: 2021 | E8: =IFS('Colby L'!G8="1 year ext.", "1 of 1 years (ext.)", 'Colby L'!G8="2 year ext.", "1 of 2 years (ext.)", 'Colby L'!G8="3 year ext.", "1 of 3 years (ext.)", 'Colby L'!G8="Releasing","2 of 2 years") -> 1 of 2 years (ext.) | F8: Yes | G8: 2 year ext. | H8: 30 | I8: =IFS('Colby L'!G8="1 year ext.", 'Colby L'!C8+5, 'Colby L'!G8="2 year ext.", 'Colby L'!C8+5, 'Colby L'!G8="3 year ext.", 'Colby L'!C8+5, 'Colby L'!G8="Releasing","0") -> 35 | J8: =IFS('Colby L'!G8="1 year ext.", "0", 'Colby L'!G8="2 year ext.", 'Colby L'!C8+10, 'Colby L'!G8="3 year ext.", 'Colby L'!C8+10, 'Colby L'!G8="Releasing","0") -> 40 | K8: =IFS('Colby L'!G8="1 year ext.", "0", 'Colby L'!G8="2 year ext.", "0", 'Colby L'!G8="3 year ext.", 'Colby L'!C8+15, 'Colby L'!G8="Releasing","0") -> 0
A9: D. Henderson | B9: RB | C9: 5 | D9: 2021 | E9: =IFS('Colby L'!G9="1 year ext.", "1 of 1 years (ext.)", 'Colby L'!G9="2 year ext.", "1 of 2 years (ext.)", 'Colby L'!G9="3 year ext.", "1 of 3 years (ext.)", 'Colby L'!G9="Releasing","2 of 2 years") -> 2 of 2 years | F9: Yes | G9: Releasing | H9: 5 | I9: =IFS('Colby L'!G9="1 year ext.", 'Colby L'!C9+5, 'Colby L'!G9="2 year ext.", 'Colby L'!C9+5, 'Colby L'!G9="3 year ext.", 'Colby L'!C9+5, 'Colby L'!G9="Releasing","0") -> 0 | J9: =IFS('Colby L'!G9="1 year ext.", "0", 'Colby L'!G9="2 year ext.", 'Colby L'!C9+10, 'Colby L'!G9="3 year ext.", 'Colby L'!C9+10, 'Colby L'!G9="Releasing","0") -> 0 | K9: =IFS('Colby L'!G9="1 year ext.", "0", 'Colby L'!G9="2 year ext.", "0", 'Colby L'!G9="3 year ext.", 'Colby L'!C9+15, 'Colby L'!G9="Releasing","0") -> 0
A10: AJ Dillon | B10: RB | C10: 5 | D10: 2021 | E10: =IFS('Colby L'!G10="1 year ext.", "1 of 1 years (ext.)", 'Colby L'!G10="2 year ext.", "1 of 2 years (ext.)", 'Colby L'!G10="3 year ext.", "1 of 3 years (ext.)", 'Colby L'!G10="Releasing","2 of 2 years") -> 2 of 2 years | F10: Yes | G10: Releasing | H10: 5 | I10: =IFS('Colby L'!G10="1 year ext.", 'Colby L'!C10+5, 'Colby L'!G10="2 year ext.", 'Colby L'!C10+5, 'Colby L'!G10="3 year ext.", 'Colby L'!C10+5, 'Colby L'!G10="Releasing","0") -> 0 | J10: =IFS('Colby L'!G10="1 year ext.", "0", 'Colby L'!G10="2 year ext.", 'Colby L'!C10+10, 'Colby L'!G10="3 year ext.", 'Colby L'!C10+10, 'Colby L'!G10="Releasing","0") -> 0 | K10: =IFS('Colby L'!G10="1 year ext.", "0", 'Colby L'!G10="2 year ext.", "0", 'Colby L'!G10="3 year ext.", 'Colby L'!C10+15, 'Colby L'!G10="Releasing","0") -> 0
A11: L. Fournette | B11: RB | C11: 4 | D11: 2021 | E11: =IFS('Colby L'!G11="1 year ext.", "1 of 1 years (ext.)", 'Colby L'!G11="2 year ext.", "1 of 2 years (ext.)", 'Colby L'!G11="3 year ext.", "1 of 3 years (ext.)", 'Colby L'!G11="Releasing","2 of 2 years") -> 2 of 2 years | F11: Yes | G11: Releasing | H11: 4 | I11: =IFS('Colby L'!G11="1 year ext.", 'Colby L'!C11+5, 'Colby L'!G11="2 year ext.", 'Colby L'!C11+5, 'Colby L'!G11="3 year ext.", 'Colby L'!C11+5, 'Colby L'!G11="Releasing","0") -> 0 | J11: =IFS('Colby L'!G11="1 year ext.", "0", 'Colby L'!G11="2 year ext.", 'Colby L'!C11+10, 'Colby L'!G11="3 year ext.", 'Colby L'!C11+10, 'Colby L'!G11="Releasing","0") -> 0 | K11: =IFS('Colby L'!G11="1 year ext.", "0", 'Colby L'!G11="2 year ext.", "0", 'Colby L'!G11="3 year ext.", 'Colby L'!C11+15, 'Colby L'!G11="Releasing","0") -> 0
A12: J. Cook | B12: RB | C12: 12 | D12: 2022 | E12: 2 of 2 Years | F12: No | H12: 12 | I12: 12
A13: Zamir White | B13: RB | C13: 4 | D13: 2022 | E13: 2 of 2 Years | F13: No | H13: 4 | I13: 4
A16: T. McLaurin | B16: WR | C16: 27 | D16: 2021 | E16: =IFS('Colby L'!G16="1 year ext.", "1 of 1 years (ext.)", 'Colby L'!G16="2 year ext.", "1 of 2 years (ext.)", 'Colby L'!G16="3 year ext.", "1 of 3 years (ext.)", 'Colby L'!G16="Releasing","2 of 2 years") -> 1 of 2 years (ext.) | F16: Yes | G16: 2 year ext. | H16: 27 | I16: =IFS('Colby L'!G16="1 year ext.", 'Colby L'!C16+5, 'Colby L'!G16="2 year ext.", 'Colby L'!C16+5, 'Colby L'!G16="3 year ext.", 'Colby L'!C16+5, 'Colby L'!G16="Releasing","0") -> 32 | J16: =IFS('Colby L'!G16="1 year ext.", "0", 'Colby L'!G16="2 year ext.", 'Colby L'!C16+10, 'Colby L'!G16="3 year ext.", 'Colby L'!C16+10, 'Colby L'!G16="Releasing","0") -> 37 | K16: =IFS('Colby L'!G16="1 year ext.", "0", 'Colby L'!G16="2 year ext.", "0", 'Colby L'!G16="3 year ext.", 'Colby L'!C16+15, 'Colby L'!G16="Releasing","0") -> 0
A17: D. Johnson | B17: WR | C17: 16 | D17: 2021 | E17: =IFS('Colby L'!G17="1 year ext.", "1 of 1 years (ext.)", 'Colby L'!G17="2 year ext.", "1 of 2 years (ext.)", 'Colby L'!G17="3 year ext.", "1 of 3 years (ext.)", 'Colby L'!G17="Releasing","2 of 2 years") -> 2 of 2 years | F17: Yes | G17: Releasing | H17: 16 | I17: =IFS('Colby L'!G17="1 year ext.", 'Colby L'!C17+5, 'Colby L'!G17="2 year ext.", 'Colby L'!C17+5, 'Colby L'!G17="3 year ext.", 'Colby L'!C17+5, 'Colby L'!G17="Releasing","0") -> 0 | J17: =IFS('Colby L'!G17="1 year ext.", "0", 'Colby L'!G17="2 year ext.", 'Colby L'!C17+10, 'Colby L'!G17="3 year ext.", 'Colby L'!C17+10, 'Colby L'!G17="Releasing","0") -> 0 | K17: =IFS('Colby L'!G17="1 year ext.", "0", 'Colby L'!G17="2 year ext.", "0", 'Colby L'!G17="3 year ext.", 'Colby L'!C17+15, 'Colby L'!G17="Releasing","0") -> 0
A18: J. Jeudy | B18: WR | C18: 14 | D18: 2021 | E18: =IFS('Colby L'!G18="1 year ext.", "1 of 1 years (ext.)", 'Colby L'!G18="2 year ext.", "1 of 2 years (ext.)", 'Colby L'!G18="3 year ext.", "1 of 3 years (ext.)", 'Colby L'!G18="Releasing","2 of 2 years") -> 1 of 2 years (ext.) | F18: Yes | G18: 2 year ext. | H18: 14 | I18: =IFS('Colby L'!G18="1 year ext.", 'Colby L'!C18+5, 'Colby L'!G18="2 year ext.", 'Colby L'!C18+5, 'Colby L'!G18="3 year ext.", 'Colby L'!C18+5, 'Colby L'!G18="Releasing","0") -> 19 | J18: =IFS('Colby L'!G18="1 year ext.", "0", 'Colby L'!G18="2 year ext.", 'Colby L'!C18+10, 'Colby L'!G18="3 year ext.", 'Colby L'!C18+10, 'Colby L'!G18="Releasing","0") -> 24 | K18: =IFS('Colby L'!G18="1 year ext.", "0", 'Colby L'!G18="2 year ext.", "0", 'Colby L'!G18="3 year ext.", 'Colby L'!C18+15, 'Colby L'!G18="Releasing","0") -> 0
G19: Releasing | I19: =IFS('Colby L'!G19="1 year ext.", 'Colby L'!C19+5, 'Colby L'!G19="2 year ext.", 'Colby L'!C19+5, 'Colby L'!G19="3 year ext.", 'Colby L'!C19+5, 'Colby L'!G19="Releasing","0") -> 0 | J19: =IFS('Colby L'!G19="1 year ext.", "0", 'Colby L'!G19="2 year ext.", 'Colby L'!C19+10, 'Colby L'!G19="3 year ext.", 'Colby L'!C19+10, 'Colby L'!G19="Releasing","0") -> 0 | K19: =IFS('Colby L'!G19="1 year ext.", "0", 'Colby L'!G19="2 year ext.", "0", 'Colby L'!G19="3 year ext.", 'Colby L'!C19+15, 'Colby L'!G19="Releasing","0") -> 0
A20: M. Brown | B20: WR | C20: 1 | D20: 2021 | E20: =IFS('Colby L'!G20="1 year ext.", "1 of 1 years (ext.)", 'Colby L'!G20="2 year ext.", "1 of 2 years (ext.)", 'Colby L'!G20="3 year ext.", "1 of 3 years (ext.)", 'Colby L'!G20="Releasing","2 of 2 years") -> 1 of 3 years (ext.) | F20: Yes | G20: 3 year ext. | H20: 1 | I20: =IFS('Colby L'!G20="1 year ext.", 'Colby L'!C20+5, 'Colby L'!G20="2 year ext.", 'Colby L'!C20+5, 'Colby L'!G20="3 year ext.", 'Colby L'!C20+5, 'Colby L'!G20="Releasing","0") -> 6 | J20: =IFS('Colby L'!G20="1 year ext.", "0", 'Colby L'!G20="2 year ext.", 'Colby L'!C20+10, 'Colby L'!G20="3 year ext.", 'Colby L'!C20+10, 'Colby L'!G20="Releasing","0") -> 11 | K20: =IFS('Colby L'!G20="1 year ext.", "0", 'Colby L'!G20="2 year ext.", "0", 'Colby L'!G20="3 year ext.", 'Colby L'!C20+15, 'Colby L'!G20="Releasing","0") -> 16
A21: C. Watson | B21: WR | C21: 7 | D21: 2022 | E21: 2 of 2 Years | F21: No | H21: 7 | I21: 7
A22: M. Jones | B22: WR | C22: 1 | D22: 2021 | E22: =IFS('Colby L'!G22="1 year ext.", "1 of 1 years (ext.)", 'Colby L'!G22="2 year ext.", "1 of 2 years (ext.)", 'Colby L'!G22="3 year ext.", "1 of 3 years (ext.)", 'Colby L'!G22="Releasing","2 of 2 years") -> 2 of 2 years | F22: Yes | G22: Releasing | H22: 1 | I22: =IFS('Colby L'!G22="1 year ext.", 'Colby L'!C22+5, 'Colby L'!G22="2 year ext.", 'Colby L'!C22+5, 'Colby L'!G22="3 year ext.", 'Colby L'!C22+5, 'Colby L'!G22="Releasing","0") -> 0 | J22: =IFS('Colby L'!G22="1 year ext.", "0", 'Colby L'!G22="2 year ext.", 'Colby L'!C22+10, 'Colby L'!G22="3 year ext.", 'Colby L'!C22+10, 'Colby L'!G22="Releasing","0") -> 0 | K22: =IFS('Colby L'!G22="1 year ext.", "0", 'Colby L'!G22="2 year ext.", "0", 'Colby L'!G22="3 year ext.", 'Colby L'!C22+15, 'Colby L'!G22="Releasing","0") -> 0
A23: D. Brown | B23: WR | C23: 1 | D23: 2021 | E23: =IFS('Colby L'!G23="1 year ext.", "1 of 1 years (ext.)", 'Colby L'!G23="2 year ext.", "1 of 2 years (ext.)", 'Colby L'!G23="3 year ext.", "1 of 3 years (ext.)", 'Colby L'!G23="Releasing","2 of 2 years") -> 2 of 2 years | F23: Yes | G23: Releasing | H23: 1 | I23: =IFS('Colby L'!G23="1 year ext.", 'Colby L'!C23+5, 'Colby L'!G23="2 year ext.", 'Colby L'!C23+5, 'Colby L'!G23="3 year ext.", 'Colby L'!C23+5, 'Colby L'!G23="Releasing","0") -> 0 | J23: =IFS('Colby L'!G23="1 year ext.", "0", 'Colby L'!G23="2 year ext.", 'Colby L'!C23+10, 'Colby L'!G23="3 year ext.", 'Colby L'!C23+10, 'Colby L'!G23="Releasing","0") -> 0 | K23: =IFS('Colby L'!G23="1 year ext.", "0", 'Colby L'!G23="2 year ext.", "0", 'Colby L'!G23="3 year ext.", 'Colby L'!C23+15, 'Colby L'!G23="Releasing","0") -> 0
A24: Skyy Moore | B24: WR | C24: 4 | D24: 2022 | E24: 2 of 2 Years | F24: No | H24: 4 | I24: 4
A27: N. Fant | B27: TE | C27: 7 | D27: 2021 | E27: =IFS('Colby L'!G27="1 year ext.", "1 of 1 years (ext.)", 'Colby L'!G27="2 year ext.", "1 of 2 years (ext.)", 'Colby L'!G27="3 year ext.", "1 of 3 years (ext.)", 'Colby L'!G27="Releasing","2 of 2 years") -> 2 of 2 years | F27: Yes | G27: Releasing | H27: 7 | I27: =IFS('Colby L'!G27="1 year ext.", 'Colby L'!C27+5, 'Colby L'!G27="2 year ext.", 'Colby L'!C27+5, 'Colby L'!G27="3 year ext.", 'Colby L'!C27+5, 'Colby L'!G27="Releasing","0") -> 0 | J27: =IFS('Colby L'!G27="1 year ext.", "0", 'Colby L'!G27="2 year ext.", 'Colby L'!C27+10, 'Colby L'!G27="3 year ext.", 'Colby L'!C27+10, 'Colby L'!G27="Releasing","0") -> 0 | K27: =IFS('Colby L'!G27="1 year ext.", "0", 'Colby L'!G27="2 year ext.", "0", 'Colby L'!G27="3 year ext.", 'Colby L'!C27+15, 'Colby L'!G27="Releasing","0") -> 0
A28: D. Knox | B28: TE | C28: 6 | D28: 2022 | E28: 2 of 2 Years | F28: No | H28: 6 | I28: 6
A30: G. Zurlein | B30: K | C30: 1 | D30: 2021 | E30: =IFS('Colby L'!G30="1 year ext.", "1 of 1 years (ext.)", 'Colby L'!G30="2 year ext.", "1 of 2 years (ext.)", 'Colby L'!G30="3 year ext.", "1 of 3 years (ext.)", 'Colby L'!G30="Releasing","2 of 2 years") -> 2 of 2 years | F30: Yes | G30: Releasing | H30: 1 | I30: =IFS('Colby L'!G30="1 year ext.", 'Colby L'!C30+5, 'Colby L'!G30="2 year ext.", 'Colby L'!C30+5, 'Colby L'!G30="3 year ext.", 'Colby L'!C30+5, 'Colby L'!G30="Releasing","0") -> 0 | J30: =IFS('Colby L'!G30="1 year ext.", "0", 'Colby L'!G30="2 year ext.", 'Colby L'!C30+10, 'Colby L'!G30="3 year ext.", 'Colby L'!C30+10, 'Colby L'!G30="Releasing","0") -> 0 | K30: =IFS('Colby L'!G30="1 year ext.", "0", 'Colby L'!G30="2 year ext.", "0", 'Colby L'!G30="3 year ext.", 'Colby L'!C30+15, 'Colby L'!G30="Releasing","0") -> 0
A31: Evan McPherson | B31: K | C31: 4 | D31: 2022 | E31: 2 of 2 Years | F31: No | H31: 4 | I31: 4
A33: LAR | B33: D | C33: 2 | D33: 2021 | E33: =IFS('Colby L'!G33="1 year ext.", "1 of 1 years (ext.)", 'Colby L'!G33="2 year ext.", "1 of 2 years (ext.)", 'Colby L'!G33="3 year ext.", "1 of 3 years (ext.)", 'Colby L'!G33="Releasing","2 of 2 years") -> 2 of 2 years | F33: Yes | G33: Releasing | H33: 2 | I33: =IFS('Colby L'!G33="1 year ext.", 'Colby L'!C33+5, 'Colby L'!G33="2 year ext.", 'Colby L'!C33+5, 'Colby L'!G33="3 year ext.", 'Colby L'!C33+5, 'Colby L'!G33="Releasing","0") -> 0 | J33: =IFS('Colby L'!G33="1 year ext.", "0", 'Colby L'!G33="2 year ext.", 'Colby L'!C33+10, 'Colby L'!G33="3 year ext.", 'Colby L'!C33+10, 'Colby L'!G33="Releasing","0") -> 0 | K33: =IFS('Colby L'!G33="1 year ext.", "0", 'Colby L'!G33="2 year ext.", "0", 'Colby L'!G33="3 year ext.", 'Colby L'!C33+15, 'Colby L'!G33="Releasing","0") -> 0
A36: Cut Players
A37: D. Mims | D37: 2021 | E37: 2 of 2 years | H37: 1
A38: T Atwell | D38: 2021 | E38: 2 of 2 years | H38: 1
A39: A Trautman | D39: 2021 | E39: 2 of 2 years | H39: 1
A40: K. Toney | D40: 2021 | E40: 2 of 2 years | H40: 1
A41: J. Cook | D41: 2021 | E41: 2 of 2 years | H41: 1
A42: DJ Chark | B42: WR | C42: 3 | D42: 2021 | E42: 2 of 2 years | H42: 2
A43: K. Herbert | B43: RB | C43: 3 | D43: 2022 | E43: 2 of 2 Years | H43: 2 | I43: 2
A44: M. Jones | B44: WR | C44: 1 | D44: 2021
A45: D. Brown | B45: WR | C45: 1 | D45: 2021
A46: David Bell | B46: WR | C46: 2 | D46: 2022 | H46: 1 | I46: 1
A48: TOTAL SALARY | C48: =SUM('Colby L'!C3:C46) -> 243 | H48: =SUM('Colby L'!H3:H46) -> 243 | I48: =SUM('Colby L'!I3:I46) -> 187 | J48: =SUM('Colby L'!J3:J46) -> 177 | K48: =SUM('Colby L'!K3:K46) -> 16
A49: Salary Available | C49: =(250-'Colby L'!C48) -> 7 | H49: =(250-'Colby L'!H48) -> 7 | I49: =(250-'Colby L'!I48) -> 63 | J49: =(250-'Colby L'!J48) -> 73 | K49: =(250-'Colby L'!K48) -> 234

Sheet Dawson O
A1: Dawson O
A2: Player | B2: Position | C2: Salary | D2: Year Drafted | E2: Status of Contract | F2: Contract Year? | G2: Extending Contract? | H2: 2022-23 Salary | I2: 2023-24 Salary | J2: 2024-25 Salary | K2: 2025-26 Salary | L2: Notes
A3: J. Allen | B3: QB | C3: 16 | D3: 2021 | E3: =IFS('Dawson O'!G3="1 year ext.", "1 of 1 years (ext.)", 'Dawson O'!G3="2 year ext.", "1 of 2 years (ext.)", 'Dawson O'!G3="3 year ext.", "1 of 3 years (ext.)", 'Dawson O'!G3="Releasing","Releasing") -> 1 of 1 years (ext.) | F3: Yes | G3: 1 year ext. | H3: 16 | I3: =IFS('Dawson O'!G3="1 year ext.", 'Dawson O'!C3+5, 'Dawson O'!G3="2 year ext.", 'Dawson O'!C3+5, 'Dawson O'!G3="3 year ext.", 'Dawson O'!C3+5, 'Dawson O'!G3="Releasing","0") -> 21 | J3: =IFS('Dawson O'!G3="1 year ext.", "0", 'Dawson O'!G3="2 year ext.", 'Dawson O'!C3+10, 'Dawson O'!G3="3 year ext.", 'Dawson O'!C3+10, 'Dawson O'!G3="Releasing","0") -> 0 | K3: =IFS('Dawson O'!G3="1 year ext.", "0", 'Dawson O'!G3="2 year ext.", "0", 'Dawson O'!G3="3 year ext.", 'Dawson O'!C3+15, 'Dawson O'!G3="Releasing","0") -> 0
A4: Derek Carr | B4: QB | C4: 3 | D4: 2022 | E4: 2 of 2 years | F4: No | H4: 3
A6: D. Henry | B6: RB | C6: 50 | D6: 2021 | E6: =IFS('Dawson O'!G6="1 year ext.", "1 of 1 years (ext.)", 'Dawson O'!G6="2 year ext.", "1 of 2 years (ext.)", 'Dawson O'!G6="3 year ext.", "1 of 3 years (ext.)", 'Dawson O'!G6="Releasing","Releasing") -> 1 of 1 years (ext.) | F6: Yes | G6: 1 year ext. | H6: 50 | I6: =IFS('Dawson O'!G6="1 year ext.", 'Dawson O'!C6+5, 'Dawson O'!G6="2 year ext.", 'Dawson O'!C6+5, 'Dawson O'!G6="3 year ext.", 'Dawson O'!C6+5, 'Dawson O'!G6="Releasing","0") -> 55 | J6: =IFS('Dawson O'!G6="1 year ext.", "0", 'Dawson O'!G6="2 year ext.", 'Dawson O'!C6+10, 'Dawson O'!G6="3 year ext.", 'Dawson O'!C6+10, 'Dawson O'!G6="Releasing","0") -> 0 | K6: =IFS('Dawson O'!G6="1 year ext.", "0", 'Dawson O'!G6="2 year ext.", "0", 'Dawson O'!G6="3 year ext.", 'Dawson O'!C6+15, 'Dawson O'!G6="Releasing","0") -> 0
A7: A. Jones | B7: RB | C7: 32 | D7: 2021 | E7: =IFS('Dawson O'!G7="1 year ext.", "1 of 1 years (ext.)", 'Dawson O'!G7="2 year ext.", "1 of 2 years (ext.)", 'Dawson O'!G7="3 year ext.", "1 of 3 years (ext.)", 'Dawson O'!G7="Releasing","Releasing") -> Releasing | F7: Yes | G7: Releasing | H7: 32 | I7: =IFS('Dawson O'!G7="1 year ext.", 'Dawson O'!C7+5, 'Dawson O'!G7="2 year ext.", 'Dawson O'!C7+5, 'Dawson O'!G7="3 year ext.", 'Dawson O'!C7+5, 'Dawson O'!G7="Releasing","0") -> 0 | J7: =IFS('Dawson O'!G7="1 year ext.", "0", 'Dawson O'!G7="2 year ext.", 'Dawson O'!C7+10, 'Dawson O'!G7="3 year ext.", 'Dawson O'!C7+10, 'Dawson O'!G7="Releasing","0") -> 0 | K7: =IFS('Dawson O'!G7="1 year ext.", "0", 'Dawson O'!G7="2 year ext.", "0", 'Dawson O'!G7="3 year ext.", 'Dawson O'!C7+15, 'Dawson O'!G7="Releasing","0") -> 0
A8: K. Hunt | B8: RB | C8: 6 | D8: 2021 | E8: =IFS('Dawson O'!G8="1 year ext.", "1 of 1 years (ext.)", 'Dawson O'!G8="2 year ext.", "1 of 2 years (ext.)", 'Dawson O'!G8="3 year ext.", "1 of 3 years (ext.)", 'Dawson O'!G8="Releasing","Releasing") -> Releasing | F8: Yes | G8: Releasing | H8: 6 | I8: =IFS('Dawson O'!G8="1 year ext.", 'Dawson O'!C8+5, 'Dawson O'!G8="2 year ext.", 'Dawson O'!C8+5, 'Dawson O'!G8="3 year ext.", 'Dawson O'!C8+5, 'Dawson O'!G8="Releasing","0") -> 0 | J8: =IFS('Dawson O'!G8="1 year ext.", "0", 'Dawson O'!G8="2 year ext.", 'Dawson O'!C8+10, 'Dawson O'!G8="3 year ext.", 'Dawson O'!C8+10, 'Dawson O'!G8="Releasing","0") -> 0 | K8: =IFS('Dawson O'!G8="1 year ext.", "0", 'Dawson O'!G8="2 year ext.", "0", 'Dawson O'!G8="3 year ext.", 'Dawson O'!C8+15, 'Dawson O'!G8="Releasing","0") -> 0
A9: R. Mostert | B9: RB | C9: 9 | D9: 2022 | E9: 2 of 2 years | F9: No | H9: 9
A10: Tyler Algeier | B10: RB | C10: 5 | D10: 2022 | E10: 2 of 2 years | F10: No | H10: 5
A12: D. Hopkins | B12: WR | C12: 31 | D12: 2021 | E12: =IFS('Dawson O'!G12="1 year ext.", "1 of 1 years (ext.)", 'Dawson O'!G12="2 year ext.", "1 of 2 years (ext.)", 'Dawson O'!G12="3 year ext.", "1 of 3 years (ext.)", 'Dawson O'!G12="Releasing","Releasing") -> Releasing | F12: Yes | G12: Releasing | H12: 31 | I12: =IFS('Dawson O'!G12="1 year ext.", 'Dawson O'!C12+5, 'Dawson O'!G12="2 year ext.", 'Dawson O'!C12+5, 'Dawson O'!G12="3 year ext.", 'Dawson O'!C12+5, 'Dawson O'!G12="Releasing","0") -> 0 | J12: =IFS('Dawson O'!G12="1 year ext.", "0", 'Dawson O'!G12="2 year ext.", 'Dawson O'!C12+10, 'Dawson O'!G12="3 year ext.", 'Dawson O'!C12+10, 'Dawson O'!G12="Releasing","0") -> 0 | K12: =IFS('Dawson O'!G12="1 year ext.", "0", 'Dawson O'!G12="2 year ext.", "0", 'Dawson O'!G12="3 year ext.", 'Dawson O'!C12+15, 'Dawson O'!G12="Releasing","0") -> 0
A13: J. Chase | B13: WR | C13: 6 | D13: 2021 | E13: =IFS('Dawson O'!G13="1 year ext.", "1 of 1 years (ext.)", 'Dawson O'!G13="2 year ext.", "1 of 2 years (ext.)", 'Dawson O'!G13="3 year ext.", "1 of 3 years (ext.)", 'Dawson O'!G13="Releasing","Releasing") -> 1 of 3 years (ext.) | F13: Yes | G13: 3 year ext. | H13: 6 | I13: =IFS('Dawson O'!G13="1 year ext.", 'Dawson O'!C13+5, 'Dawson O'!G13="2 year ext.", 'Dawson O'!C13+5, 'Dawson O'!G13="3 year ext.", 'Dawson O'!C13+5, 'Dawson O'!G13="Releasing","0") -> 11 | J13: =IFS('Dawson O'!G13="1 year ext.", "0", 'Dawson O'!G13="2 year ext.", 'Dawson O'!C13+10, 'Dawson O'!G13="3 year ext.", 'Dawson O'!C13+10, 'Dawson O'!G13="Releasing","0") -> 16 | K13: =IFS('Dawson O'!G13="1 year ext.", "0", 'Dawson O'!G13="2 year ext.", "0", 'Dawson O'!G13="3 year ext.", 'Dawson O'!C13+15, 'Dawson O'!G13="Releasing","0") -> 21
A14: D. Samuel | B14: WR | C14: 7 | D14: 2021 | E14: =IFS('Dawson O'!G14="1 year ext.", "1 of 1 years (ext.)", 'Dawson O'!G14="2 year ext.", "1 of 2 years (ext.)", 'Dawson O'!G14="3 year ext.", "1 of 3 years (ext.)", 'Dawson O'!G14="Releasing","Releasing") -> 1 of 2 years (ext.) | F14: Yes | G14: 2 year ext. | H14: 7 | I14: =IFS('Dawson O'!G14="1 year ext.", 'Dawson O'!C14+5, 'Dawson O'!G14="2 year ext.", 'Dawson O'!C14+5, 'Dawson O'!G14="3 year ext.", 'Dawson O'!C14+5, 'Dawson O'!G14="Releasing","0") -> 12 | J14: =IFS('Dawson O'!G14="1 year ext.", "0", 'Dawson O'!G14="2 year ext.", 'Dawson O'!C14+10, 'Dawson O'!G14="3 year ext.", 'Dawson O'!C14+10, 'Dawson O'!G14="Releasing","0") -> 17 | K14: =IFS('Dawson O'!G14="1 year ext.", "0", 'Dawson O'!G14="2 year ext.", "0", 'Dawson O'!G14="3 year ext.", 'Dawson O'!C14+15, 'Dawson O'!G14="Releasing","0") -> 0
A15: R. Anderson | B15: WR | C15: 3 | D15: 2021 | E15: =IFS('Dawson O'!G15="1 year ext.", "1 of 1 years (ext.)", 'Dawson O'!G15="2 year ext.", "1 of 2 years (ext.)", 'Dawson O'!G15="3 year ext.", "1 of 3 years (ext.)", 'Dawson O'!G15="Releasing","Releasing") -> Releasing | F15: Yes | G15: Releasing | H15: 3 | I15: =IFS('Dawson O'!G15="1 year ext.", 'Dawson O'!C15+5, 'Dawson O'!G15="2 year ext.", 'Dawson O'!C15+5, 'Dawson O'!G15="3 year ext.", 'Dawson O'!C15+5, 'Dawson O'!G15="Releasing","0") -> 0 | J15: =IFS('Dawson O'!G15="1 year ext.", "0", 'Dawson O'!G15="2 year ext.", 'Dawson O'!C15+10, 'Dawson O'!G15="3 year ext.", 'Dawson O'!C15+10, 'Dawson O'!G15="Releasing","0") -> 0 | K15: =IFS('Dawson O'!G15="1 year ext.", "0", 'Dawson O'!G15="2 year ext.", "0", 'Dawson O'!G15="3 year ext.", 'Dawson O'!C15+15, 'Dawson O'!G15="Releasing","0") -> 0
A16: M. Williams | B16: WR | C16: 1 | D16: 2021 | E16: =IFS('Dawson O'!G16="1 year ext.", "1 of 1 years (ext.)", 'Dawson O'!G16="2 year ext.", "1 of 2 years (ext.)", 'Dawson O'!G16="3 year ext.", "1 of 3 years (ext.)", 'Dawson O'!G16="Releasing","Releasing") -> 1 of 1 years (ext.) | F16: Yes | G16: 1 year ext. | H16: 1 | I16: =IFS('Dawson O'!G16="1 year ext.", 'Dawson O'!C16+5, 'Dawson O'!G16="2 year ext.", 'Dawson O'!C16+5, 'Dawson O'!G16="3 year ext.", 'Dawson O'!C16+5, 'Dawson O'!G16="Releasing","0") -> 6 | J16: =IFS('Dawson O'!G16="1 year ext.", "0", 'Dawson O'!G16="2 year ext.", 'Dawson O'!C16+10, 'Dawson O'!G16="3 year ext.", 'Dawson O'!C16+10, 'Dawson O'!G16="Releasing","0") -> 0 | K16: =IFS('Dawson O'!G16="1 year ext.", "0", 'Dawson O'!G16="2 year ext.", "0", 'Dawson O'!G16="3 year ext.", 'Dawson O'!C16+15, 'Dawson O'!G16="Releasing","0") -> 0
A17: Gabe Davis | B17: WR | C17: 5 | D17: 2022 | E17: 2 of 2 years | F17: No | H17: 5
A21: T. Kelce | B21: TE | C21: 22 | D21: 2021 | E21: =IFS('Dawson O'!G21="1 year ext.", "1 of 1 years (ext.)", 'Dawson O'!G21="2 year ext.", "1 of 2 years (ext.)", 'Dawson O'!G21="3 year ext.", "1 of 3 years (ext.)", 'Dawson O'!G21="Releasing","Releasing") -> 1 of 1 years (ext.) | F21: Yes | G21: 1 year ext. | H21: 22 | I21: =IFS('Dawson O'!G21="1 year ext.", 'Dawson O'!C21+5, 'Dawson O'!G21="2 year ext.", 'Dawson O'!C21+5, 'Dawson O'!G21="3 year ext.", 'Dawson O'!C21+5, 'Dawson O'!G21="Releasing","0") -> 27 | J21: =IFS('Dawson O'!G21="1 year ext.", "0", 'Dawson O'!G21="2 year ext.", 'Dawson O'!C21+10, 'Dawson O'!G21="3 year ext.", 'Dawson O'!C21+10, 'Dawson O'!G21="Releasing","0") -> 0 | K21: =IFS('Dawson O'!G21="1 year ext.", "0", 'Dawson O'!G21="2 year ext.", "0", 'Dawson O'!G21="3 year ext.", 'Dawson O'!C21+15, 'Dawson O'!G21="Releasing","0") -> 0
A22: Hunter Henry | B22: TE | C22: 1 | D22: 2022 | E22: 2 of 2 years | F22: No | H22: 1
A25: J. Tucker | B25: K | C25: 5 | D25: 2022 | E25: 2 of 2 years | F25: No | H25: 5
B26: K
A27: SF | B27: D | C27: 1 | D27: 2021 | E27: =IFS('Dawson O'!G27="1 year ext.", "1 of 1 years (ext.)", 'Dawson O'!G27="2 year ext.", "1 of 2 years (ext.)", 'Dawson O'!G27="3 year ext.", "1 of 3 years (ext.)", 'Dawson O'!G27="Releasing","Releasing") -> 1 of 1 years (ext.) | F27: Yes | G27: 1 year ext. | H27: 1 | I27: =IFS('Dawson O'!G27="1 year ext.", 'Dawson O'!C27+5, 'Dawson O'!G27="2 year ext.", 'Dawson O'!C27+5, 'Dawson O'!G27="3 year ext.", 'Dawson O'!C27+5, 'Dawson O'!G27="Releasing","0") -> 6 | J27: =IFS('Dawson O'!G27="1 year ext.", "0", 'Dawson O'!G27="2 year ext.", 'Dawson O'!C27+10, 'Dawson O'!G27="3 year ext.", 'Dawson O'!C27+10, 'Dawson O'!G27="Releasing","0") -> 0 | K27: =IFS('Dawson O'!G27="1 year ext.", "0", 'Dawson O'!G27="2 year ext.", "0", 'Dawson O'!G27="3 year ext.", 'Dawson O'!C27+15, 'Dawson O'!G27="Releasing","0") -> 0
A30: Cut Players
A31: P Campbell | D31: 2021 | E31: 2 of 2 years | H31: 1
A32: J Smith | D32: 2021 | E32: 2 of 2 years | H32: 1
A33: Pat Freiermur | D33: 2021 | E33: 2 of 2 years | H33: 1
A34: T Johnson | D34: 2021 | E34: 2 of 2 years | H34: 1
A35: D Williams | D35: 2021 | E35: 2 of 2 years | H35: 1
A36: K Gainwell | D36: 2021 | E36: 2 of 2 years | H36: 1
A37: J Fields | D37: 2021 | E37: 2 of 2 years | H37: 1
A38: R. Succup | D38: 2021 | E38: 2 of 2 years | H38: 1
A41: TOTAL SALARY | C41: =SUM('Dawson O'!C3:C40) -> 203 | H41: =SUM('Dawson O'!H3:H40) -> 211 | I41: =SUM('Dawson O'!I3:I40) -> 138 | J41: =SUM('Dawson O'!J3:J40) -> 33 | K41: =SUM('Dawson O'!K3:K40) -> 21
A42: Salary Available | C42: =(250-'Dawson O'!C41) -> 47 | H42: =(250-'Dawson O'!H41) -> 39 | I42: =(250-'Dawson O'!I41) -> 112 | J42: =(250-'Dawson O'!J41) -> 217 | K42: =(250-'Dawson O'!K41) -> 229

Sheet Josh C
A1: Josh C
A2: Player | B2: Position | C2: Salary | D2: Year Drafted | E2: Status of Contract | F2: Contract Year? | G2: Extending Contract? | H2: 2022-23 Salary | I2: 2023-24 Salary | J2: 2024-25 Salary | K2: 2025-26 Salary | L2: Notes
A3: J. Herbert | B3: QB | C3: 11 | D3: 2021 | E3: =IFS('Josh C'!G3="1 year ext.", "1 of 1 years (ext.)", 'Josh C'!G3="2 year ext.", "1 of 2 years (ext.)", 'Josh C'!G3="3 year ext.", "1 of 3 years (ext.)", 'Josh C'!G3="Releasing","Releasing") -> 1 of 3 years (ext.) | F3: Yes | G3: 3 year ext. | H3: 11 | I3: =IFS('Josh C'!G3="1 year ext.", 'Josh C'!C3+5, 'Josh C'!G3="2 year ext.", 'Josh C'!C3+5, 'Josh C'!G3="3 year ext.", 'Josh C'!C3+5, 'Josh C'!G3="Releasing","0") -> 16 | J3: =IFS('Josh C'!G3="1 year ext.", "0", 'Josh C'!G3="2 year ext.", 'Josh C'!C3+10, 'Josh C'!G3="3 year ext.", 'Josh C'!C3+10, 'Josh C'!G3="Releasing","0") -> 21 | K3: =IFS('Josh C'!G3="1 year ext.", "0", 'Josh C'!G3="2 year ext.", "0", 'Josh C'!G3="3 year ext.", 'Josh C'!C3+15, 'Josh C'!G3="Releasing","0") -> 26
A4: J. Burrow | B4: QB | C4: 1 | D4: 2021 | E4: =IFS('Josh C'!G4="1 year ext.", "1 of 1 years (ext.)", 'Josh C'!G4="2 year ext.", "1 of 2 years (ext.)", 'Josh C'!G4="3 year ext.", "1 of 3 years (ext.)", 'Josh C'!G4="Releasing","Releasing") -> 1 of 3 years (ext.) | F4: Yes | G4: 3 year ext. | H4: 1 | I4: =IFS('Josh C'!G4="1 year ext.", 'Josh C'!C4+5, 'Josh C'!G4="2 year ext.", 'Josh C'!C4+5, 'Josh C'!G4="3 year ext.", 'Josh C'!C4+5, 'Josh C'!G4="Releasing","0") -> 6 | J4: =IFS('Josh C'!G4="1 year ext.", "0", 'Josh C'!G4="2 year ext.", 'Josh C'!C4+10, 'Josh C'!G4="3 year ext.", 'Josh C'!C4+10, 'Josh C'!G4="Releasing","0") -> 11 | K4: =IFS('Josh C'!G4="1 year ext.", "0", 'Josh C'!G4="2 year ext.", "0", 'Josh C'!G4="3 year ext.", 'Josh C'!C4+15, 'Josh C'!G4="Releasing","0") -> 16
A6: Kamara | B6: RB | C6: 49 | D6: 2021 | E6: =IFS('Josh C'!G6="1 year ext.", "1 of 1 years (ext.)", 'Josh C'!G6="2 year ext.", "1 of 2 years (ext.)", 'Josh C'!G6="3 year ext.", "1 of 3 years (ext.)", 'Josh C'!G6="Releasing","Releasing") -> Releasing | F6: Yes | G6: Releasing | H6: 49 | I6: =IFS('Josh C'!G6="1 year ext.", 'Josh C'!C6+5, 'Josh C'!G6="2 year ext.", 'Josh C'!C6+5, 'Josh C'!G6="3 year ext.", 'Josh C'!C6+5, 'Josh C'!G6="Releasing","0") -> 0 | J6: =IFS('Josh C'!G6="1 year ext.", "0", 'Josh C'!G6="2 year ext.", 'Josh C'!C6+10, 'Josh C'!G6="3 year ext.", 'Josh C'!C6+10, 'Josh C'!G6="Releasing","0") -> 0 | K6: =IFS('Josh C'!G6="1 year ext.", "0", 'Josh C'!G6="2 year ext.", "0", 'Josh C'!G6="3 year ext.", 'Josh C'!C6+15, 'Josh C'!G6="Releasing","0") -> 0
A7: J. Mixon | B7: RB | C7: 22 | D7: 2021 | E7: =IFS('Josh C'!G7="1 year ext.", "1 of 1 years (ext.)", 'Josh C'!G7="2 year ext.", "1 of 2 years (ext.)", 'Josh C'!G7="3 year ext.", "1 of 3 years (ext.)", 'Josh C'!G7="Releasing","Releasing") -> 1 of 1 years (ext.) | F7: Yes | G7: 1 year ext. | H7: 22 | I7: =IFS('Josh C'!G7="1 year ext.", 'Josh C'!C7+5, 'Josh C'!G7="2 year ext.", 'Josh C'!C7+5, 'Josh C'!G7="3 year ext.", 'Josh C'!C7+5, 'Josh C'!G7="Releasing","0") -> 27 | J7: =IFS('Josh C'!G7="1 year ext.", "0", 'Josh C'!G7="2 year ext.", 'Josh C'!C7+10, 'Josh C'!G7="3 year ext.", 'Josh C'!C7+10, 'Josh C'!G7="Releasing","0") -> 0 | K7: =IFS('Josh C'!G7="1 year ext.", "0", 'Josh C'!G7="2 year ext.", "0", 'Josh C'!G7="3 year ext.", 'Josh C'!C7+15, 'Josh C'!G7="Releasing","0") -> 0
A8: J. Williams | B8: RB | C8: 16 | D8: 2021 | E8: =IFS('Josh C'!G8="1 year ext.", "1 of 1 years (ext.)", 'Josh C'!G8="2 year ext.", "1 of 2 years (ext.)", 'Josh C'!G8="3 year ext.", "1 of 3 years (ext.)", 'Josh C'!G8="Releasing","Releasing") -> Releasing | F8: Yes | G8: Releasing | H8: 16 | I8: =IFS('Josh C'!G8="1 year ext.", 'Josh C'!C8+5, 'Josh C'!G8="2 year ext.", 'Josh C'!C8+5, 'Josh C'!G8="3 year ext.", 'Josh C'!C8+5, 'Josh C'!G8="Releasing","0") -> 0 | J8: =IFS('Josh C'!G8="1 year ext.", "0", 'Josh C'!G8="2 year ext.", 'Josh C'!C8+10, 'Josh C'!G8="3 year ext.", 'Josh C'!C8+10, 'Josh C'!G8="Releasing","0") -> 0 | K8: =IFS('Josh C'!G8="1 year ext.", "0", 'Josh C'!G8="2 year ext.", "0", 'Josh C'!G8="3 year ext.", 'Josh C'!C8+15, 'Josh C'!G8="Releasing","0") -> 0
A9: B. Robinson | B9: RB | C9: 4 | D9: 2022 | E9: 2 of 2 years | F9: No | H9: 4
A10: Jm. Williams | B10: RB | C10: 3 | D10: 2021 | E10: =IFS('Josh C'!G10="1 year ext.", "1 of 1 years (ext.)", 'Josh C'!G10="2 year ext.", "1 of 2 years (ext.)", 'Josh C'!G10="3 year ext.", "1 of 3 years (ext.)", 'Josh C'!G10="Releasing","Releasing") -> 1 of 1 years (ext.) | F10: Yes | G10: 1 year ext. | H10: 3 | I10: =IFS('Josh C'!G10="1 year ext.", 'Josh C'!C10+5, 'Josh C'!G10="2 year ext.", 'Josh C'!C10+5, 'Josh C'!G10="3 year ext.", 'Josh C'!C10+5, 'Josh C'!G10="Releasing","0") -> 8 | J10: =IFS('Josh C'!G10="1 year ext.", "0", 'Josh C'!G10="2 year ext.", 'Josh C'!C10+10, 'Josh C'!G10="3 year ext.", 'Josh C'!C10+10, 'Josh C'!G10="Releasing","0") -> 0 | K10: =IFS('Josh C'!G10="1 year ext.", "0", 'Josh C'!G10="2 year ext.", "0", 'Josh C'!G10="3 year ext.", 'Josh C'!C10+15, 'Josh C'!G10="Releasing","0") -> 0
A11: E. Mitchell | B11: RB | C11: 1 | D11: 2021 | E11: =IFS('Josh C'!G11="1 year ext.", "1 of 1 years (ext.)", 'Josh C'!G11="2 year ext.", "1 of 2 years (ext.)", 'Josh C'!G11="3 year ext.", "1 of 3 years (ext.)", 'Josh C'!G11="Releasing","Releasing") -> Releasing | F11: Yes | G11: Releasing | H11: 1 | I11: =IFS('Josh C'!G11="1 year ext.", 'Josh C'!C11+5, 'Josh C'!G11="2 year ext.", 'Josh C'!C11+5, 'Josh C'!G11="3 year ext.", 'Josh C'!C11+5, 'Josh C'!G11="Releasing","0") -> 0 | J11: =IFS('Josh C'!G11="1 year ext.", "0", 'Josh C'!G11="2 year ext.", 'Josh C'!C11+10, 'Josh C'!G11="3 year ext.", 'Josh C'!C11+10, 'Josh C'!G11="Releasing","0") -> 0 | K11: =IFS('Josh C'!G11="1 year ext.", "0", 'Josh C'!G11="2 year ext.", "0", 'Josh C'!G11="3 year ext.", 'Josh C'!C11+15, 'Josh C'!G11="Releasing","0") -> 0
A12: S. Ahmed | B12: RB | C12: 1 | D12: 2021 | E12: =IFS('Josh C'!G12="1 year ext.", "1 of 1 years (ext.)", 'Josh C'!G12="2 year ext.", "1 of 2 years (ext.)", 'Josh C'!G12="3 year ext.", "1 of 3 years (ext.)", 'Josh C'!G12="Releasing","Releasing") -> Releasing | F12: Yes | G12: Releasing | H12: 1 | I12: =IFS('Josh C'!G12="1 year ext.", 'Josh C'!C12+5, 'Josh C'!G12="2 year ext.", 'Josh C'!C12+5, 'Josh C'!G12="3 year ext.", 'Josh C'!C12+5, 'Josh C'!G12="Releasing","0") -> 0 | J12: =IFS('Josh C'!G12="1 year ext.", "0", 'Josh C'!G12="2 year ext.", 'Josh C'!C12+10, 'Josh C'!G12="3 year ext.", 'Josh C'!C12+10, 'Josh C'!G12="Releasing","0") -> 0 | K12: =IFS('Josh C'!G12="1 year ext.", "0", 'Josh C'!G12="2 year ext.", "0", 'Josh C'!G12="3 year ext.", 'Josh C'!C12+15, 'Josh C'!G12="Releasing","0") -> 0
A14: J. Jefferson | B14: WR | C14: 30 | D14: 2021 | E14: =IFS('Josh C'!G14="1 year ext.", "1 of 1 years (ext.)", 'Josh C'!G14="2 year ext.", "1 of 2 years (ext.)", 'Josh C'!G14="3 year ext.", "1 of 3 years (ext.)", 'Josh C'!G14="Releasing","Releasing") -> 1 of 3 years (ext.) | F14: Yes | G14: 3 year ext. | H14: 30 | I14: =IFS('Josh C'!G14="1 year ext.", 'Josh C'!C14+5, 'Josh C'!G14="2 year ext.", 'Josh C'!C14+5, 'Josh C'!G14="3 year ext.", 'Josh C'!C14+5, 'Josh C'!G14="Releasing","0") -> 35 | J14: =IFS('Josh C'!G14="1 year ext.", "0", 'Josh C'!G14="2 year ext.", 'Josh C'!C14+10, 'Josh C'!G14="3 year ext.", 'Josh C'!C14+10, 'Josh C'!G14="Releasing","0") -> 40 | K14: =IFS('Josh C'!G14="1 year ext.", "0", 'Josh C'!G14="2 year ext.", "0", 'Josh C'!G14="3 year ext.", 'Josh C'!C14+15, 'Josh C'!G14="Releasing","0") -> 45
A15: A. Cooper | B15: WR | C15: 22 | D15: 2021 | E15: =IFS('Josh C'!G15="1 year ext.", "1 of 1 years (ext.)", 'Josh C'!G15="2 year ext.", "1 of 2 years (ext.)", 'Josh C'!G15="3 year ext.", "1 of 3 years (ext.)", 'Josh C'!G15="Releasing","Releasing") -> Releasing | F15: Yes | G15: Releasing | H15: 22 | I15: =IFS('Josh C'!G15="1 year ext.", 'Josh C'!C15+5, 'Josh C'!G15="2 year ext.", 'Josh C'!C15+5, 'Josh C'!G15="3 year ext.", 'Josh C'!C15+5, 'Josh C'!G15="Releasing","0") -> 0 | J15: =IFS('Josh C'!G15="1 year ext.", "0", 'Josh C'!G15="2 year ext.", 'Josh C'!C15+10, 'Josh C'!G15="3 year ext.", 'Josh C'!C15+10, 'Josh C'!G15="Releasing","0") -> 0 | K15: =IFS('Josh C'!G15="1 year ext.", "0", 'Josh C'!G15="2 year ext.", "0", 'Josh C'!G15="3 year ext.", 'Josh C'!C15+15, 'Josh C'!G15="Releasing","0") -> 0
A16: J. Jones | B16: WR | C16: 14 | D16: 2021 | E16: =IFS('Josh C'!G16="1 year ext.", "1 of 1 years (ext.)", 'Josh C'!G16="2 year ext.", "1 of 2 years (ext.)", 'Josh C'!G16="3 year ext.", "1 of 3 years (ext.)", 'Josh C'!G16="Releasing","Releasing") -> Releasing | F16: Yes | G16: Releasing | H16: 14 | I16: =IFS('Josh C'!G16="1 year ext.", 'Josh C'!C16+5, 'Josh C'!G16="2 year ext.", 'Josh C'!C16+5, 'Josh C'!G16="3 year ext.", 'Josh C'!C16+5, 'Josh C'!G16="Releasing","0") -> 0 | J16: =IFS('Josh C'!G16="1 year ext.", "0", 'Josh C'!G16="2 year ext.", 'Josh C'!C16+10, 'Josh C'!G16="3 year ext.", 'Josh C'!C16+10, 'Josh C'!G16="Releasing","0") -> 0 | K16: =IFS('Josh C'!G16="1 year ext.", "0", 'Josh C'!G16="2 year ext.", "0", 'Josh C'!G16="3 year ext.", 'Josh C'!C16+15, 'Josh C'!G16="Releasing","0") -> 0
A17: T. Boyd | B17: WR | C17: 1 | D17: 2021 | E17: =IFS('Josh C'!G17="1 year ext.", "1 of 1 years (ext.)", 'Josh C'!G17="2 year ext.", "1 of 2 years (ext.)", 'Josh C'!G17="3 year ext.", "1 of 3 years (ext.)", 'Josh C'!G17="Releasing","Releasing") -> Releasing | F17: Yes | G17: Releasing | H17: 1 | I17: =IFS('Josh C'!G17="1 year ext.", 'Josh C'!C17+5, 'Josh C'!G17="2 year ext.", 'Josh C'!C17+5, 'Josh C'!G17="3 year ext.", 'Josh C'!C17+5, 'Josh C'!G17="Releasing","0") -> 0 | J17: =IFS('Josh C'!G17="1 year ext.", "0", 'Josh C'!G17="2 year ext.", 'Josh C'!C17+10, 'Josh C'!G17="3 year ext.", 'Josh C'!C17+10, 'Josh C'!G17="Releasing","0") -> 0 | K17: =IFS('Josh C'!G17="1 year ext.", "0", 'Josh C'!G17="2 year ext.", "0", 'Josh C'!G17="3 year ext.", 'Josh C'!C17+15, 'Josh C'!G17="Releasing","0") -> 0
A18: N. Agholor | B18: WR | C18: 1 | D18: 2021 | E18: =IFS('Josh C'!G18="1 year ext.", "1 of 1 years (ext.)", 'Josh C'!G18="2 year ext.", "1 of 2 years (ext.)", 'Josh C'!G18="3 year ext.", "1 of 3 years (ext.)", 'Josh C'!G18="Releasing","Releasing") -> Releasing | F18: Yes | G18: Releasing | H18: 1 | I18: =IFS('Josh C'!G18="1 year ext.", 'Josh C'!C18+5, 'Josh C'!G18="2 year ext.", 'Josh C'!C18+5, 'Josh C'!G18="3 year ext.", 'Josh C'!C18+5, 'Josh C'!G18="Releasing","0") -> 0 | J18: =IFS('Josh C'!G18="1 year ext.", "0", 'Josh C'!G18="2 year ext.", 'Josh C'!C18+10, 'Josh C'!G18="3 year ext.", 'Josh C'!C18+10, 'Josh C'!G18="Releasing","0") -> 0 | K18: =IFS('Josh C'!G18="1 year ext.", "0", 'Josh C'!G18="2 year ext.", "0", 'Josh C'!G18="3 year ext.", 'Josh C'!C18+15, 'Josh C'!G18="Releasing","0") -> 0
A19: C. Kirk | B19: WR | C19: 1 | D19: 2021 | E19: =IFS('Josh C'!G19="1 year ext.", "1 of 1 years (ext.)", 'Josh C'!G19="2 year ext.", "1 of 2 years (ext.)", 'Josh C'!G19="3 year ext.", "1 of 3 years (ext.)", 'Josh C'!G19="Releasing","Releasing") -> 1 of 1 years (ext.) | F19: Yes | G19: 1 year ext. | H19: 1 | I19: =IFS('Josh C'!G19="1 year ext.", 'Josh C'!C19+5, 'Josh C'!G19="2 year ext.", 'Josh C'!C19+5, 'Josh C'!G19="3 year ext.", 'Josh C'!C19+5, 'Josh C'!G19="Releasing","0") -> 6 | J19: =IFS('Josh C'!G19="1 year ext.", "0", 'Josh C'!G19="2 year ext.", 'Josh C'!C19+10, 'Josh C'!G19="3 year ext.", 'Josh C'!C19+10, 'Josh C'!G19="Releasing","0") -> 0 | K19: =IFS('Josh C'!G19="1 year ext.", "0", 'Josh C'!G19="2 year ext.", "0", 'Josh C'!G19="3 year ext.", 'Josh C'!C19+15, 'Josh C'!G19="Releasing","0") -> 0
A20: D. Slayton | B20: WR | C20: 1 | D20: 2021 | E20: =IFS('Josh C'!G20="1 year ext.", "1 of 1 years (ext.)", 'Josh C'!G20="2 year ext.", "1 of 2 years (ext.)", 'Josh C'!G20="3 year ext.", "1 of 3 years (ext.)", 'Josh C'!G20="Releasing","Releasing") -> Releasing | F20: Yes | G20: Releasing | H20: 1 | I20: =IFS('Josh C'!G20="1 year ext.", 'Josh C'!C20+5, 'Josh C'!G20="2 year ext.", 'Josh C'!C20+5, 'Josh C'!G20="3 year ext.", 'Josh C'!C20+5, 'Josh C'!G20="Releasing","0") -> 0 | J20: =IFS('Josh C'!G20="1 year ext.", "0", 'Josh C'!G20="2 year ext.", 'Josh C'!C20+10, 'Josh C'!G20="3 year ext.", 'Josh C'!C20+10, 'Josh C'!G20="Releasing","0") -> 0 | K20: =IFS('Josh C'!G20="1 year ext.", "0", 'Josh C'!G20="2 year ext.", "0", 'Josh C'!G20="3 year ext.", 'Josh C'!C20+15, 'Josh C'!G20="Releasing","0") -> 0
A22: TJ Hock | B22: TE | C22: 10 | D22: 2021 | E22: =IFS('Josh C'!G22="1 year ext.", "1 of 1 years (ext.)", 'Josh C'!G22="2 year ext.", "1 of 2 years (ext.)", 'Josh C'!G22="3 year ext.", "1 of 3 years (ext.)", 'Josh C'!G22="Releasing","Releasing") -> 1 of 1 years (ext.) | F22: Yes | G22: 1 year ext. | H22: 10 | I22: =IFS('Josh C'!G22="1 year ext.", 'Josh C'!C22+5, 'Josh C'!G22="2 year ext.", 'Josh C'!C22+5, 'Josh C'!G22="3 year ext.", 'Josh C'!C22+5, 'Josh C'!G22="Releasing","0") -> 15 | J22: =IFS('Josh C'!G22="1 year ext.", "0", 'Josh C'!G22="2 year ext.", 'Josh C'!C22+10, 'Josh C'!G22="3 year ext.", 'Josh C'!C22+10, 'Josh C'!G22="Releasing","0") -> 0 | K22: =IFS('Josh C'!G22="1 year ext.", "0", 'Josh C'!G22="2 year ext.", "0", 'Josh C'!G22="3 year ext.", 'Josh C'!C22+15, 'Josh C'!G22="Releasing","0") -> 0
A23: R. Tonyan | B23: TE | C23: 3 | D23: 2021 | E23: =IFS('Josh C'!G23="1 year ext.", "1 of 1 years (ext.)", 'Josh C'!G23="2 year ext.", "1 of 2 years (ext.)", 'Josh C'!G23="3 year ext.", "1 of 3 years (ext.)", 'Josh C'!G23="Releasing","Releasing") -> Releasing | F23: Yes | G23: Releasing | H23: 3 | I23: =IFS('Josh C'!G23="1 year ext.", 'Josh C'!C23+5, 'Josh C'!G23="2 year ext.", 'Josh C'!C23+5, 'Josh C'!G23="3 year ext.", 'Josh C'!C23+5, 'Josh C'!G23="Releasing","0") -> 0 | J23: =IFS('Josh C'!G23="1 year ext.", "0", 'Josh C'!G23="2 year ext.", 'Josh C'!C23+10, 'Josh C'!G23="3 year ext.", 'Josh C'!C23+10, 'Josh C'!G23="Releasing","0") -> 0 | K23: =IFS('Josh C'!G23="1 year ext.", "0", 'Josh C'!G23="2 year ext.", "0", 'Josh C'!G23="3 year ext.", 'Josh C'!C23+15, 'Josh C'!G23="Releasing","0") -> 0
... A29: BAL | B29: D | C29: 1 | D29: 2021 | E29: =IFS('Josh C'!G29="1 year ext.", "1 of 1 years (ext.)", 'Josh C'!G29="2 year ext.", "1 of 2 years (ext.)", 'Josh C'!G29="3 year ext.", "1 of 3 years (ext.)", 'Josh C'!G29="Releasing","Releasing") -> Releasing | F29: Yes | G29: Releasing | H29: 1 | I29: =IFS('Josh C'!G29="1 year ext.", 'Josh C'!C29+5, 'Josh C'!G29="2 year ext.", 'Josh C'!C29+5, 'Josh C'!G29="3 year ext.", 'Josh C'!C29+5, 'Josh C'!G29="Releasing","0") -> 0 | J29: =IFS('Josh C'!G29="1 year ext.", "0", 'Josh C'!G29="2 year ext.", 'Josh C'!C29+10, 'Josh C'!G29="3 year ext.", 'Josh C'!C29+10, 'Josh C'!G29="Releasing","0") -> 0 | K29: =IFS('Josh C'!G29="1 year ext.", "0", 'Josh C'!G29="2 year ext.", "0", 'Josh C'!G29="3 year ext.", 'Josh C'!C29+15, 'Josh C'!G29="Releasing","0") -> 0
A32: Cut Players
A33: M. Carter | D33: 2021 | E33: 2 of 2 years | H33: 2
A34: M. Hardman | D34: 2021 | E34: 2 of 2 years | H34: 2
A43: TOTAL SALARY | C43: =SUM('Josh C'!C3:C41) -> 195 | H43: =SUM('Josh C'!H3:H41) -> 199 | I43: =SUM('Josh C'!I3:I41) -> 113 | J43: =SUM('Josh C'!J3:J41) -> 72 | K43: =SUM('Josh C'!K5:K41) -> 45
A44: Salary Available | C44: =(250-'Josh C'!C43) -> 55 | H44: =(250-'Josh C'!H43) -> 51 | I44: =(250-'Josh C'!I43) -> 137 | J44: =(250-'Josh C'!J43) -> 178 | K44: =(250-'Josh C'!K43) -> 205

Sheet Justin P
A1: Justin P
A2: Player | B2: Position | C2: Salary | D2: Year Drafted | E2: Status of Contract | F2: Contract Year? | G2: Extending Contract? | H2: 2022-23 Salary | I2: 2023-24 Salary | J2: 2024-25 Salary | K2: 2025-26 Salary | L2: Notes
A3: T. Lawrence | B3: QB | C3: 4 | D3: 2021 | E3: =IFS('Justin P'!G3="1 year ext.", "1 of 1 years (ext.)", 'Justin P'!G3="2 year ext.", "1 of 2 years (ext.)", 'Justin P'!G3="3 year ext.", "1 of 3 years (ext.)", 'Justin P'!G3="Releasing","Releasing") -> Releasing | F3: Yes | G3: Releasing | H3: 4 | I3: =IFS('Justin P'!G3="1 year ext.", 'Justin P'!C3+5, 'Justin P'!G3="2 year ext.", 'Justin P'!C3+5, 'Justin P'!G3="3 year ext.", 'Justin P'!C3+5, 'Justin P'!G3="Releasing","0") -> 0 | J3: =IFS('Justin P'!G3="1 year ext.", "0", 'Justin P'!G3="2 year ext.", 'Justin P'!C3+10, 'Justin P'!G3="3 year ext.", 'Justin P'!C3+10, 'Justin P'!G3="Releasing","0") -> 0 | K3: =IFS('Justin P'!G3="1 year ext.", "0", 'Justin P'!G3="2 year ext.", "0", 'Justin P'!G3="3 year ext.", 'Justin P'!C3+15, 'Justin P'!G3="Releasing","0") -> 0
A4: A. Rodgers | B4: QB | C4: 5 | D4: 2021 | E4: =IFS('Justin P'!G4="1 year ext.", "1 of 1 years (ext.)", 'Justin P'!G4="2 year ext.", "1 of 2 years (ext.)", 'Justin P'!G4="3 year ext.", "1 of 3 years (ext.)", 'Justin P'!G4="Releasing","Releasing") -> Releasing | F4: Yes | G4: Releasing | H4: 5 | I4: =IFS('Justin P'!G4="1 year ext.", 'Justin P'!C4+5, 'Justin P'!G4="2 year ext.", 'Justin P'!C4+5, 'Justin P'!G4="3 year ext.", 'Justin P'!C4+5, 'Justin P'!G4="Releasing","0") -> 0 | J4: =IFS('Justin P'!G4="1 year ext.", "0", 'Justin P'!G4="2 year ext.", 'Justin P'!C4+10, 'Justin P'!G4="3 year ext.", 'Justin P'!C4+10, 'Justin P'!G4="Releasing","0") -> 0 | K4: =IFS('Justin P'!G4="1 year ext.", "0", 'Justin P'!G4="2 year ext.", "0", 'Justin P'!G4="3 year ext.", 'Justin P'!C4+15, 'Justin P'!G4="Releasing","0") -> 0
A6: D. Montgomery | B6: RB | C6: 29 | D6: 2021 | E6: =IFS('Justin P'!G6="1 year ext.", "1 of 1 years (ext.)", 'Justin P'!G6="2 year ext.", "1 of 2 years (ext.)", 'Justin P'!G6="3 year ext.", "1 of 3 years (ext.)", 'Justin P'!G6="Releasing","Releasing") -> Releasing | F6: Yes | G6: Releasing | H6: 29 | I6: =IFS('Justin P'!G6="1 year ext.", 'Justin P'!C6+5, 'Justin P'!G6="2 year ext.", 'Justin P'!C6+5, 'Justin P'!G6="3 year ext.", 'Justin P'!C6+5, 'Justin P'!G6="Releasing","0") -> 0 | J6: =IFS('Justin P'!G6="1 year ext.", "0", 'Justin P'!G6="2 year ext.", 'Justin P'!C6+10, 'Justin P'!G6="3 year ext.", 'Justin P'!C6+10, 'Justin P'!G6="Releasing","0") -> 0 | K6: =IFS('Justin P'!G6="1 year ext.", "0", 'Justin P'!G6="2 year ext.", "0", 'Justin P'!G6="3 year ext.", 'Justin P'!C6+15, 'Justin P'!G6="Releasing","0") -> 0
A7: J. Robinson | B7: RB | C7: 20 | D7: 2021 | E7: =IFS('Justin P'!G7="1 year ext.", "1 of 1 years (ext.)", 'Justin P'!G7="2 year ext.", "1 of 2 years (ext.)", 'Justin P'!G7="3 year ext.", "1 of 3 years (ext.)", 'Justin P'!G7="Releasing","Releasing") -> Releasing | F7: Yes | G7: Releasing | H7: 20 | I7: =IFS('Justin P'!G7="1 year ext.", 'Justin P'!C7+5, 'Justin P'!G7="2 year ext.", 'Justin P'!C7+5, 'Justin P'!G7="3 year ext.", 'Justin P'!C7+5, 'Justin P'!G7="Releasing","0") -> 0 | J7: =IFS('Justin P'!G7="1 year ext.", "0", 'Justin P'!G7="2 year ext.", 'Justin P'!C7+10, 'Justin P'!G7="3 year ext.", 'Justin P'!C7+10, 'Justin P'!G7="Releasing","0") -> 0 | K7: =IFS('Justin P'!G7="1 year ext.", "0", 'Justin P'!G7="2 year ext.", "0", 'Justin P'!G7="3 year ext.", 'Justin P'!C7+15, 'Justin P'!G7="Releasing","0") -> 0
A8: M. Davis | B8: RB | C8: 9 | D8: 2021 | E8: =IFS('Justin P'!G8="1 year ext.", "1 of 1 years (ext.)", 'Justin P'!G8="2 year ext.", "1 of 2 years (ext.)", 'Justin P'!G8="3 year ext.", "1 of 3 years (ext.)", 'Justin P'!G8="Releasing","Releasing") -> Releasing | F8: Yes | G8: Releasing | H8: 9 | I8: =IFS('Justin P'!G8="1 year ext.", 'Justin P'!C8+5, 'Justin P'!G8="2 year ext.", 'Justin P'!C8+5, 'Justin P'!G8="3 year ext.", 'Justin P'!C8+5, 'Justin P'!G8="Releasing","0") -> 0 | J8: =IFS('Justin P'!G8="1 year ext.", "0", 'Justin P'!G8="2 year ext.", 'Justin P'!C8+10, 'Justin P'!G8="3 year ext.", 'Justin P'!C8+10, 'Justin P'!G8="Releasing","0") -> 0 | K8: =IFS('Justin P'!G8="1 year ext.", "0", 'Justin P'!G8="2 year ext.", "0", 'Justin P'!G8="3 year ext.", 'Justin P'!C8+15, 'Justin P'!G8="Releasing","0") -> 0
A9: JD. McKissnic | B9: RB | C9: 1 | D9: 2021 | E9: =IFS('Justin P'!G9="1 year ext.", "1 of 1 years (ext.)", 'Justin P'!G9="2 year ext.", "1 of 2 years (ext.)", 'Justin P'!G9="3 year ext.", "1 of 3 years (ext.)", 'Justin P'!G9="Releasing","Releasing") -> Releasing | F9: Yes | G9: Releasing | H9: 1 | I9: =IFS('Justin P'!G9="1 year ext.", 'Justin P'!C9+5, 'Justin P'!G9="2 year ext.", 'Justin P'!C9+5, 'Justin P'!G9="3 year ext.", 'Justin P'!C9+5, 'Justin P'!G9="Releasing","0") -> 0 | J9: =IFS('Justin P'!G9="1 year ext.", "0", 'Justin P'!G9="2 year ext.", 'Justin P'!C9+10, 'Justin P'!G9="3 year ext.", 'Justin P'!C9+10, 'Justin P'!G9="Releasing","0") -> 0 | K9: =IFS('Justin P'!G9="1 year ext.", "0", 'Justin P'!G9="2 year ext.", "0", 'Justin P'!G9="3 year ext.", 'Justin P'!C9+15, 'Justin P'!G9="Releasing","0") -> 0
A10: R. Penny | B10: RB | C10: 1 | D10: 2021 | E10: =IFS('Justin P'!G10="1 year ext.", "1 of 1 years (ext.)", 'Justin P'!G10="2 year ext.", "1 of 2 years (ext.)", 'Justin P'!G10="3 year ext.", "1 of 3 years (ext.)", 'Justin P'!G10="Releasing","Releasing") -> Releasing | F10: Yes | G10: Releasing | H10: 1 | I10: =IFS('Justin P'!G10="1 year ext.", 'Justin P'!C10+5, 'Justin P'!G10="2 year ext.", 'Justin P'!C10+5, 'Justin P'!G10="3 year ext.", 'Justin P'!C10+5, 'Justin P'!G10="Releasing","0") -> 0 | J10: =IFS('Justin P'!G10="1 year ext.", "0", 'Justin P'!G10="2 year ext.", 'Justin P'!C10+10, 'Justin P'!G10="3 year ext.", 'Justin P'!C10+10, 'Justin P'!G10="Releasing","0") -> 0 | K10: =IFS('Justin P'!G10="1 year ext.", "0", 'Justin P'!G10="2 year ext.", "0", 'Justin P'!G10="3 year ext.", 'Justin P'!C10+15, 'Justin P'!G10="Releasing","0") -> 0
A11: K. Hill | B11: RB | C11: 1 | D11: 2021 | E11: =IFS('Justin P'!G11="1 year ext.", "1 of 1 years (ext.)", 'Justin P'!G11="2 year ext.", "1 of 2 years (ext.)", 'Justin P'!G11="3 year ext.", "1 of 3 years (ext.)", 'Justin P'!G11="Releasing","Releasing") -> Releasing | F11: Yes | G11: Releasing | H11: 1 | I11: =IFS('Justin P'!G11="1 year ext.", 'Justin P'!C11+5, 'Justin P'!G11="2 year ext.", 'Justin P'!C11+5, 'Justin P'!G11="3 year ext.", 'Justin P'!C11+5, 'Justin P'!G11="Releasing","0") -> 0 | J11: =IFS('Justin P'!G11="1 year ext.", "0", 'Justin P'!G11="2 year ext.", 'Justin P'!C11+10, 'Justin P'!G11="3 year ext.", 'Justin P'!C11+10, 'Justin P'!G11="Releasing","0") -> 0 | K11: =IFS('Justin P'!G11="1 year ext.", "0", 'Justin P'!G11="2 year ext.", "0", 'Justin P'!G11="3 year ext.", 'Justin P'!C11+15, 'Justin P'!G11="Releasing","0") -> 0
A12: C. Patterson | B12: RB | C12: 12 | D12: 2022 | E12: 2 of 2 years | F12: No | H12: 12
A13: M. Gordon | B13: RB | C13: 11 | D13: 2022 | E13: 2 of 2 years | F13: No | H13: 11
A15: DK. Metcalf | B15: WR | C15: 40 | D15: 2021 | E15: =IFS('Justin P'!G15="1 year ext.", "1 of 1 years (ext.)", 'Justin P'!G15="2 year ext.", "1 of 2 years (ext.)", 'Justin P'!G15="3 year ext.", "1 of 3 years (ext.)", 'Justin P'!G15="Releasing","Releasing") -> 1 of 1 years (ext.) | F15: Yes | G15: 1 year ext. | H15: 40 | I15: =IFS('Justin P'!G15="1 year ext.", 'Justin P'!C15+5, 'Justin P'!G15="2 year ext.", 'Justin P'!C15+5, 'Justin P'!G15="3 year ext.", 'Justin P'!C15+5, 'Justin P'!G15="Releasing","0") -> 45 | J15: =IFS('Justin P'!G15="1 year ext.", "0", 'Justin P'!G15="2 year ext.", 'Justin P'!C15+10, 'Justin P'!G15="3 year ext.", 'Justin P'!C15+10, 'Justin P'!G15="Releasing","0") -> 0 | K15: =IFS('Justin P'!G15="1 year ext.", "0", 'Justin P'!G15="2 year ext.", "0", 'Justin P'!G15="3 year ext.", 'Justin P'!C15+15, 'Justin P'!G15="Releasing","0") -> 0
A16: D. Adams | B16: WR | C16: 43 | D16: 2021 | E16: =IFS('Justin P'!G16="1 year ext.", "1 of 1 years (ext.)", 'Justin P'!G16="2 year ext.", "1 of 2 years (ext.)", 'Justin P'!G16="3 year ext.", "1 of 3 years (ext.)", 'Justin P'!G16="Releasing","Releasing") -> Releasing | F16: Yes | G16: Releasing | H16: 43 | I16: =IFS('Justin P'!G16="1 year ext.", 'Justin P'!C16+5, 'Justin P'!G16="2 year ext.", 'Justin P'!C16+5, 'Justin P'!G16="3 year ext.", 'Justin P'!C16+5, 'Justin P'!G16="Releasing","0") -> 0 | J16: =IFS('Justin P'!G16="1 year ext.", "0", 'Justin P'!G16="2 year ext.", 'Justin P'!C16+10, 'Justin P'!G16="3 year ext.", 'Justin P'!C16+10, 'Justin P'!G16="Releasing","0") -> 0 | K16: =IFS('Justin P'!G16="1 year ext.", "0", 'Justin P'!G16="2 year ext.", "0", 'Justin P'!G16="3 year ext.", 'Justin P'!C16+15, 'Justin P'!G16="Releasing","0") -> 0
A17: M. Evans | B17: WR | C17: 15 | D17: 2021 | E17: =IFS('Justin P'!G17="1 year ext.", "1 of 1 years (ext.)", 'Justin P'!G17="2 year ext.", "1 of 2 years (ext.)", 'Justin P'!G17="3 year ext.", "1 of 3 years (ext.)", 'Justin P'!G17="Releasing","Releasing") -> Releasing | F17: Yes | G17: Releasing | H17: 15 | I17: =IFS('Justin P'!G17="1 year ext.", 'Justin P'!C17+5, 'Justin P'!G17="2 year ext.", 'Justin P'!C17+5, 'Justin P'!G17="3 year ext.", 'Justin P'!C17+5, 'Justin P'!G17="Releasing","0") -> 0 | J17: =IFS('Justin P'!G17="1 year ext.", "0", 'Justin P'!G17="2 year ext.", 'Justin P'!C17+10, 'Justin P'!G17="3 year ext.", 'Justin P'!C17+10, 'Justin P'!G17="Releasing","0") -> 0 | K17: =IFS('Justin P'!G17="1 year ext.", "0", 'Justin P'!G17="2 year ext.", "0", 'Justin P'!G17="3 year ext.", 'Justin P'!C17+15, 'Justin P'!G17="Releasing","0") -> 0
A18: T. Lockett | B18: WR | C18: 14 | D18: 2021 | E18: =IFS('Justin P'!G18="1 year ext.", "1 of 1 years (ext.)", 'Justin P'!G18="2 year ext.", "1 of 2 years (ext.)", 'Justin P'!G18="3 year ext.", "1 of 3 years (ext.)", 'Justin P'!G18="Releasing","Releasing") -> Releasing | F18: Yes | G18: Releasing | H18: 14 | I18: =IFS('Justin P'!G18="1 year ext.", 'Justin P'!C18+5, 'Justin P'!G18="2 year ext.", 'Justin P'!C18+5, 'Justin P'!G18="3 year ext.", 'Justin P'!C18+5, 'Justin P'!G18="Releasing","0") -> 0 | J18: =IFS('Justin P'!G18="1 year ext.", "0", 'Justin P'!G18="2 year ext.", 'Justin P'!C18+10, 'Justin P'!G18="3 year ext.", 'Justin P'!C18+10, 'Justin P'!G18="Releasing","0") -> 0 | K18: =IFS('Justin P'!G18="1 year ext.", "0", 'Justin P'!G18="2 year ext.", "0", 'Justin P'!G18="3 year ext.", 'Justin P'!C18+15, 'Justin P'!G18="Releasing","0") -> 0
A19: C. Sutton | B19: WR | C19: 3 | D19: 2021 | E19: =IFS('Justin P'!G19="1 year ext.", "1 of 1 years (ext.)", 'Justin P'!G19="2 year ext.", "1 of 2 years (ext.)", 'Justin P'!G19="3 year ext.", "1 of 3 years (ext.)", 'Justin P'!G19="Releasing","Releasing") -> 1 of 1 years (ext.) | F19: Yes | G19: 1 year ext. | H19: 3 | I19: =IFS('Justin P'!G19="1 year ext.", 'Justin P'!C19+5, 'Justin P'!G19="2 year ext.", 'Justin P'!C19+5, 'Justin P'!G19="3 year ext.", 'Justin P'!C19+5, 'Justin P'!G19="Releasing","0") -> 8 | J19: =IFS('Justin P'!G19="1 year ext.", "0", 'Justin P'!G19="2 year ext.", 'Justin P'!C19+10, 'Justin P'!G19="3 year ext.", 'Justin P'!C19+10, 'Justin P'!G19="Releasing","0") -> 0 | K19: =IFS('Justin P'!G19="1 year ext.", "0", 'Justin P'!G19="2 year ext.", "0", 'Justin P'!G19="3 year ext.", 'Justin P'!C19+15, 'Justin P'!G19="Releasing","0") -> 0
A20: R. Moore | B20: WR | C20: 1 | D20: 2021 | E20: =IFS('Justin P'!G20="1 year ext.", "1 of 1 years (ext.)", 'Justin P'!G20="2 year ext.", "1 of 2 years (ext.)", 'Justin P'!G20="3 year ext.", "1 of 3 years (ext.)", 'Justin P'!G20="Releasing","Releasing") -> Releasing | F20: Yes | G20: Releasing | H20: 1 | I20: =IFS('Justin P'!G20="1 year ext.", 'Justin P'!C20+5, 'Justin P'!G20="2 year ext.", 'Justin P'!C20+5, 'Justin P'!G20="3 year ext.", 'Justin P'!C20+5, 'Justin P'!G20="Releasing","0") -> 0 | J20: =IFS('Justin P'!G20="1 year ext.", "0", 'Justin P'!G20="2 year ext.", 'Justin P'!C20+10, 'Justin P'!G20="3 year ext.", 'Justin P'!C20+10, 'Justin P'!G20="Releasing","0") -> 0 | K20: =IFS('Justin P'!G20="1 year ext.", "0", 'Justin P'!G20="2 year ext.", "0", 'Justin P'!G20="3 year ext.", 'Justin P'!C20+15, 'Justin P'!G20="Releasing","0") -> 0
A21: V. Jefferson | B21: WR | C21: 1 | D21: 2021 | E21: =IFS('Justin P'!G21="1 year ext.", "1 of 1 years (ext.)", 'Justin P'!G21="2 year ext.", "1 of 2 years (ext.)", 'Justin P'!G21="3 year ext.", "1 of 3 years (ext.)", 'Justin P'!G21="Releasing","Releasing") -> Releasing | F21: Yes | G21: Releasing | H21: 1 | I21: =IFS('Justin P'!G21="1 year ext.", 'Justin P'!C21+5, 'Justin P'!G21="2 year ext.", 'Justin P'!C21+5, 'Justin P'!G21="3 year ext.", 'Justin P'!C21+5, 'Justin P'!G21="Releasing","0") -> 0 | J21: =IFS('Justin P'!G21="1 year ext.", "0", 'Justin P'!G21="2 year ext.", 'Justin P'!C21+10, 'Justin P'!G21="3 year ext.", 'Justin P'!C21+10, 'Justin P'!G21="Releasing","0") -> 0 | K21: =IFS('Justin P'!G21="1 year ext.", "0", 'Justin P'!G21="2 year ext.", "0", 'Justin P'!G21="3 year ext.", 'Justin P'!C21+15, 'Justin P'!G21="Releasing","0") -> 0
A23: T. Higbee | B23: TE | C23: 3 | D23: 2021 | E23: =IFS('Justin P'!G23="1 year ext.", "1 of 1 years (ext.)", 'Justin P'!G23="2 year ext.", "1 of 2 years (ext.)", 'Justin P'!G23="3 year ext.", "1 of 3 years (ext.)", 'Justin P'!G23="Releasing","Releasing") -> Releasing | F23: Yes | G23: Releasing | H23: 3 | I23: =IFS('Justin P'!G23="1 year ext.", 'Justin P'!C23+5, 'Justin P'!G23="2 year ext.", 'Justin P'!C23+5, 'Justin P'!G23="3 year ext.", 'Justin P'!C23+5, 'Justin P'!G23="Releasing","0") -> 0 | J23: =IFS('Justin P'!G23="1 year ext.", "0", 'Justin P'!G23="2 year ext.", 'Justin P'!C23+10, 'Justin P'!G23="3 year ext.", 'Justin P'!C23+10, 'Justin P'!G23="Releasing","0") -> 0 | K23: =IFS('Justin P'!G23="1 year ext.", "0", 'Justin P'!G23="2 year ext.", "0", 'Justin P'!G23="3 year ext.", 'Justin P'!C23+15, 'Justin P'!G23="Releasing","0") -> 0
A24: D. Shultz | B24: TE | C24: 15 | D24: 2022 | E24: 2 of 2 years | F24: No | H24: 15
A25: B. Jarwin | B25: TE | C25: 1 | D25: 2021 | E25: =IFS('Justin P'!G25="1 year ext.", "1 of 1 years (ext.)", 'Justin P'!G25="2 year ext.", "1 of 2 years (ext.)", 'Justin P'!G25="3 year ext.", "1 of 3 years (ext.)", 'Justin P'!G25="Releasing","Releasing") -> Releasing | F25: Yes | G25: Releasing | H25: 1 | I25: =IFS('Justin P'!G25="1 year ext.", 'Justin P'!C25+5, 'Justin P'!G25="2 year ext.", 'Justin P'!C25+5, 'Justin P'!G25="3 year ext.", 'Justin P'!C25+5, 'Justin P'!G25="Releasing","0") -> 0 | J25: =IFS('Justin P'!G25="1 year ext.", "0", 'Justin P'!G25="2 year ext.", 'Justin P'!C25+10, 'Justin P'!G25="3 year ext.", 'Justin P'!C25+10, 'Justin P'!G25="Releasing","0") -> 0 | K25: =IFS('Justin P'!G25="1 year ext.", "0", 'Justin P'!G25="2 year ext.", "0", 'Justin P'!G25="3 year ext.", 'Justin P'!C25+15, 'Justin P'!G25="Releasing","0") -> 0
A27: H. Butker | B27: K | C27: 2 | D27: 2021 | E27: =IFS('Justin P'!G27="1 year ext.", "1 of 1 years (ext.)", 'Justin P'!G27="2 year ext.", "1 of 2 years (ext.)", 'Justin P'!G27="3 year ext.", "1 of 3 years (ext.)", 'Justin P'!G27="Releasing","Releasing") -> Releasing | F27: Yes | G27: Releasing | H27: 2 | I27: =IFS('Justin P'!G27="1 year ext.", 'Justin P'!C27+5, 'Justin P'!G27="2 year ext.", 'Justin P'!C27+5, 'Justin P'!G27="3 year ext.", 'Justin P'!C27+5, 'Justin P'!G27="Releasing","0") -> 0 | J27: =IFS('Justin P'!G27="1 year ext.", "0", 'Justin P'!G27="2 year ext.", 'Justin P'!C27+10, 'Justin P'!G27="3 year ext.", 'Justin P'!C27+10, 'Justin P'!G27="Releasing","0") -> 0 | K27: =IFS('Justin P'!G27="1 year ext.", "0", 'Justin P'!G27="2 year ext.", "0", 'Justin P'!G27="3 year ext.", 'Justin P'!C27+15, 'Justin P'!G27="Releasing","0") -> 0
A28: R. Blankenship | B28: K | C28: 1 | D28: 2021 | E28: =IFS('Justin P'!G28="1 year ext.", "1 of 1 years (ext.)", 'Justin P'!G28="2 year ext.", "1 of 2 years (ext.)", 'Justin P'!G28="3 year ext.", "1 of 3 years (ext.)", 'Justin P'!G28="Releasing","Releasing") -> Releasing | F28: Yes | G28: Releasing | H28: 1 | I28: =IFS('Justin P'!G28="1 year ext.", 'Justin P'!C28+5, 'Justin P'!G28="2 year ext.", 'Justin P'!C28+5, 'Justin P'!G28="3 year ext.", 'Justin P'!C28+5, 'Justin P'!G28="Releasing","0") -> 0 | J28: =IFS('Justin P'!G28="1 year ext.", "0", 'Justin P'!G28="2 year ext.", 'Justin P'!C28+10, 'Justin P'!G28="3 year ext.", 'Justin P'!C28+10, 'Justin P'!G28="Releasing","0") -> 0 | K28: =IFS('Justin P'!G28="1 year ext.", "0", 'Justin P'!G28="2 year ext.", "0", 'Justin P'!G28="3 year ext.", 'Justin P'!C28+15, 'Justin P'!G28="Releasing","0") -> 0
A30: CLE | B30: D | C30: 1 | D30: 2021 | E30: =IFS('Justin P'!G30="1 year ext.", "1 of 1 years (ext.)", 'Justin P'!G30="2 year ext.", "1 of 2 years (ext.)", 'Justin P'!G30="3 year ext.", "1 of 3 years (ext.)", 'Justin P'!G30="Releasing","Releasing") -> Releasing | F30: Yes | G30: Releasing | H30: 1 | I30: =IFS('Justin P'!G30="1 year ext.", 'Justin P'!C30+5, 'Justin P'!G30="2 year ext.", 'Justin P'!C30+5, 'Justin P'!G30="3 year ext.", 'Justin P'!C30+5, 'Justin P'!G30="Releasing","0") -> 0 | J30: =IFS('Justin P'!G30="1 year ext.", "0", 'Justin P'!G30="2 year ext.", 'Justin P'!C30+10, 'Justin P'!G30="3 year ext.", 'Justin P'!C30+10, 'Justin P'!G30="Releasing","0") -> 0 | K30: =IFS('Justin P'!G30="1 year ext.", "0", 'Justin P'!G30="2 year ext.", "0", 'Justin P'!G30="3 year ext.", 'Justin P'!C30+15, 'Justin P'!G30="Releasing","0") -> 0
A33: Cut Players
A44: TOTAL SALARY | C44: =SUM('Justin P'!C3:C42) -> 233 | H44: =SUM('Justin P'!H3:H42) -> 233 | I44: =SUM('Justin P'!I3:I42) -> 53 | J44: =SUM('Justin P'!J3:J42) -> 0 | K44: =SUM('Justin P'!K3:K42) -> 0
A45: Salary Available | C45: =(250-'Justin P'!C44) -> 17 | H45: =(250-'Justin P'!H44) -> 17 | I45: =(250-'Justin P'!I44) -> 197 | J45: =(250-'Justin P'!J44) -> 250 | K45: =(250-'Justin P'!K44) -> 250

Sheet Stephen P
A1: Stephen P
A2: Player | B2: Position | C2: Salary | D2: Year Drafted | E2: Status of Contract | F2: Contract Year? | G2: Extending Contract? | H2: 2022-23 Salary | I2: 2023-24 Salary | J2: 2024-25 Salary | K2: 2025-26 Salary | L2: Notes
A3: K. Murray | B3: QB | C3: 23 | D3: 2021 | E3: =IFS('Stephen P'!G3="1 year ext.", "1 of 1 years (ext.)", 'Stephen P'!G3="2 year ext.", "1 of 2 years (ext.)", 'Stephen P'!G3="3 year ext.", "1 of 3 years (ext.)", 'Stephen P'!G3="Releasing","Releasing") -> Releasing | F3: Yes | G3: Releasing | H3: 23 | I3: =IFS('Stephen P'!G3="1 year ext.", 'Stephen P'!C3+5, 'Stephen P'!G3="2 year ext.", 'Stephen P'!C3+5, 'Stephen P'!G3="3 year ext.", 'Stephen P'!C3+5, 'Stephen P'!G3="Releasing","0") -> 0 | J3: =IFS('Stephen P'!G3="1 year ext.", "0", 'Stephen P'!G3="2 year ext.", 'Stephen P'!C3+10, 'Stephen P'!G3="3 year ext.", 'Stephen P'!C3+10, 'Stephen P'!G3="Releasing","0") -> 0 | K3: =IFS('Stephen P'!G3="1 year ext.", "0", 'Stephen P'!G3="2 year ext.", "0", 'Stephen P'!G3="3 year ext.", 'Stephen P'!C3+15, 'Stephen P'!G3="Releasing","0") -> 0
A6: C. McCaffery | B6: RB | C6: 53 | D6: 2021 | E6: =IFS('Stephen P'!G6="1 year ext.", "1 of 1 years (ext.)", 'Stephen P'!G6="2 year ext.", "1 of 2 years (ext.)", 'Stephen P'!G6="3 year ext.", "1 of 3 years (ext.)", 'Stephen P'!G6="Releasing","Releasing") -> 1 of 2 years (ext.) | F6: Yes | G6: 2 year ext. | H6: 53 | I6: =IFS('Stephen P'!G6="1 year ext.", 'Stephen P'!C6+5, 'Stephen P'!G6="2 year ext.", 'Stephen P'!C6+5, 'Stephen P'!G6="3 year ext.", 'Stephen P'!C6+5, 'Stephen P'!G6="Releasing","0") -> 58 | J6: =IFS('Stephen P'!G6="1 year ext.", "0", 'Stephen P'!G6="2 year ext.", 'Stephen P'!C6+10, 'Stephen P'!G6="3 year ext.", 'Stephen P'!C6+10, 'Stephen P'!G6="Releasing","0") -> 63 | K6: =IFS('Stephen P'!G6="1 year ext.", "0", 'Stephen P'!G6="2 year ext.", "0", 'Stephen P'!G6="3 year ext.", 'Stephen P'!C6+15, 'Stephen P'!G6="Releasing","0") -> 0
A7: Zeke | B7: RB | C7: 33 | D7: 2021 | E7: =IFS('Stephen P'!G7="1 year ext.", "1 of 1 years (ext.)", 'Stephen P'!G7="2 year ext.", "1 of 2 years (ext.)", 'Stephen P'!G7="3 year ext.", "1 of 3 years (ext.)", 'Stephen P'!G7="Releasing","Releasing") -> Releasing | F7: Yes | G7: Releasing | H7: 33 | I7: =IFS('Stephen P'!G7="1 year ext.", 'Stephen P'!C7+5, 'Stephen P'!G7="2 year ext.", 'Stephen P'!C7+5, 'Stephen P'!G7="3 year ext.", 'Stephen P'!C7+5, 'Stephen P'!G7="Releasing","0") -> 0 | J7: =IFS('Stephen P'!G7="1 year ext.", "0", 'Stephen P'!G7="2 year ext.", 'Stephen P'!C7+10, 'Stephen P'!G7="3 year ext.", 'Stephen P'!C7+10, 'Stephen P'!G7="Releasing","0") -> 0 | K7: =IFS('Stephen P'!G7="1 year ext.", "0", 'Stephen P'!G7="2 year ext.", "0", 'Stephen P'!G7="3 year ext.", 'Stephen P'!C7+15, 'Stephen P'!G7="Releasing","0") -> 0
A8: M. Carter | B8: RB | C8: 8 | D8: 2022 | E8: 2 of 2 years | F8: No | H8: 8 | I8: 8
A9: Dar. Williams | B9: RB | C9: 1 | D9: 2021 | E9: =IFS('Stephen P'!G9="1 year ext.", "1 of 1 years (ext.)", 'Stephen P'!G9="2 year ext.", "1 of 2 years (ext.)", 'Stephen P'!G9="3 year ext.", "1 of 3 years (ext.)", 'Stephen P'!G9="Releasing","Releasing") -> Releasing | F9: Yes | G9: Releasing | H9: 1 | I9: =IFS('Stephen P'!G9="1 year ext.", 'Stephen P'!C9+5, 'Stephen P'!G9="2 year ext.", 'Stephen P'!C9+5, 'Stephen P'!G9="3 year ext.", 'Stephen P'!C9+5, 'Stephen P'!G9="Releasing","0") -> 0 | J9: =IFS('Stephen P'!G9="1 year ext.", "0", 'Stephen P'!G9="2 year ext.", 'Stephen P'!C9+10, 'Stephen P'!G9="3 year ext.", 'Stephen P'!C9+10, 'Stephen P'!G9="Releasing","0") -> 0 | K9: =IFS('Stephen P'!G9="1 year ext.", "0", 'Stephen P'!G9="2 year ext.", "0", 'Stephen P'!G9="3 year ext.", 'Stephen P'!C9+15, 'Stephen P'!G9="Releasing","0") -> 0
A10: Amir Abdullah | B10: RB | C10: 2 | D10: 2022 | E10: Releasing | F10: No | H10: 2 | I10: 1
A13: C. Kupp | B13: WR | C13: 17 | D13: 2021 | E13: =IFS('Stephen P'!G13="1 year ext.", "1 of 1 years (ext.)", 'Stephen P'!G13="2 year ext.", "1 of 2 years (ext.)", 'Stephen P'!G13="3 year ext.", "1 of 3 years (ext.)", 'Stephen P'!G13="Releasing","Releasing") -> 1 of 2 years (ext.) | F13: Yes | G13: 2 year ext. | H13: 17 | I13: =IFS('Stephen P'!G13="1 year ext.", 'Stephen P'!C13+5, 'Stephen P'!G13="2 year ext.", 'Stephen P'!C13+5, 'Stephen P'!G13="3 year ext.", 'Stephen P'!C13+5, 'Stephen P'!G13="Releasing","0") -> 22 | J13: =IFS('Stephen P'!G13="1 year ext.", "0", 'Stephen P'!G13="2 year ext.", 'Stephen P'!C13+10, 'Stephen P'!G13="3 year ext.", 'Stephen P'!C13+10, 'Stephen P'!G13="Releasing","0") -> 27 | K13: =IFS('Stephen P'!G13="1 year ext.", "0", 'Stephen P'!G13="2 year ext.", "0", 'Stephen P'!G13="3 year ext.", 'Stephen P'!C13+15, 'Stephen P'!G13="Releasing","0") -> 0
A14: A. Robinson | B14: WR | C14: 19 | D14: 2021 | E14: =IFS('Stephen P'!G14="1 year ext.", "1 of 1 years (ext.)", 'Stephen P'!G14="2 year ext.", "1 of 2 years (ext.)", 'Stephen P'!G14="3 year ext.", "1 of 3 years (ext.)", 'Stephen P'!G14="Releasing","Releasing") -> Releasing | F14: Yes | G14: Releasing | H14: 19 | I14: =IFS('Stephen P'!G14="1 year ext.", 'Stephen P'!C14+5, 'Stephen P'!G14="2 year ext.", 'Stephen P'!C14+5, 'Stephen P'!G14="3 year ext.", 'Stephen P'!C14+5, 'Stephen P'!G14="Releasing","0") -> 0 | J14: =IFS('Stephen P'!G14="1 year ext.", "0", 'Stephen P'!G14="2 year ext.", 'Stephen P'!C14+10, 'Stephen P'!G14="3 year ext.", 'Stephen P'!C14+10, 'Stephen P'!G14="Releasing","0") -> 0 | K14: =IFS('Stephen P'!G14="1 year ext.", "0", 'Stephen P'!G14="2 year ext.", "0", 'Stephen P'!G14="3 year ext.", 'Stephen P'!C14+15, 'Stephen P'!G14="Releasing","0") -> 0
A15: T. Higgins | B15: WR | C15: 13 | D15: 2021 | E15: =IFS('Stephen P'!G15="1 year ext.", "1 of 1 years (ext.)", 'Stephen P'!G15="2 year ext.", "1 of 2 years (ext.)", 'Stephen P'!G15="3 year ext.", "1 of 3 years (ext.)", 'Stephen P'!G15="Releasing","Releasing") -> 1 of 3 years (ext.) | F15: Yes | G15: 3 year ext. | H15: 13 | I15: =IFS('Stephen P'!G15="1 year ext.", 'Stephen P'!C15+5, 'Stephen P'!G15="2 year ext.", 'Stephen P'!C15+5, 'Stephen P'!G15="3 year ext.", 'Stephen P'!C15+5, 'Stephen P'!G15="Releasing","0") -> 18 | J15: =IFS('Stephen P'!G15="1 year ext.", "0", 'Stephen P'!G15="2 year ext.", 'Stephen P'!C15+10, 'Stephen P'!G15="3 year ext.", 'Stephen P'!C15+10, 'Stephen P'!G15="Releasing","0") -> 23 | K15: =IFS('Stephen P'!G15="1 year ext.", "0", 'Stephen P'!G15="2 year ext.", "0", 'Stephen P'!G15="3 year ext.", 'Stephen P'!C15+15, 'Stephen P'!G15="Releasing","0") -> 28
A16: B. Cooks | B16: WR | C16: 1 | D16: 2021 | E16: =IFS('Stephen P'!G16="1 year ext.", "1 of 1 years (ext.)", 'Stephen P'!G16="2 year ext.", "1 of 2 years (ext.)", 'Stephen P'!G16="3 year ext.", "1 of 3 years (ext.)", 'Stephen P'!G16="Releasing","Releasing") -> 1 of 1 years (ext.) | F16: Yes | G16: 1 year ext. | H16: 1 | I16: =IFS('Stephen P'!G16="1 year ext.", 'Stephen P'!C16+5, 'Stephen P'!G16="2 year ext.", 'Stephen P'!C16+5, 'Stephen P'!G16="3 year ext.", 'Stephen P'!C16+5, 'Stephen P'!G16="Releasing","0") -> 6 | J16: =IFS('Stephen P'!G16="1 year ext.", "0", 'Stephen P'!G16="2 year ext.", 'Stephen P'!C16+10, 'Stephen P'!G16="3 year ext.", 'Stephen P'!C16+10, 'Stephen P'!G16="Releasing","0") -> 0 | K16: =IFS('Stephen P'!G16="1 year ext.", "0", 'Stephen P'!G16="2 year ext.", "0", 'Stephen P'!G16="3 year ext.", 'Stephen P'!C16+15, 'Stephen P'!G16="Releasing","0") -> 0
A17: D. Parker | B17: WR | C17: 1 | D17: 2021 | E17: =IFS('Stephen P'!G17="1 year ext.", "1 of 1 years (ext.)", 'Stephen P'!G17="2 year ext.", "1 of 2 years (ext.)", 'Stephen P'!G17="3 year ext.", "1 of 3 years (ext.)", 'Stephen P'!G17="Releasing","Releasing") -> Releasing | F17: Yes | G17: Releasing | H17: 1 | I17: =IFS('Stephen P'!G17="1 year ext.", 'Stephen P'!C17+5, 'Stephen P'!G17="2 year ext.", 'Stephen P'!C17+5, 'Stephen P'!G17="3 year ext.", 'Stephen P'!C17+5, 'Stephen P'!G17="Releasing","0") -> 0 | J17: =IFS('Stephen P'!G17="1 year ext.", "0", 'Stephen P'!G17="2 year ext.", 'Stephen P'!C17+10, 'Stephen P'!G17="3 year ext.", 'Stephen P'!C17+10, 'Stephen P'!G17="Releasing","0") -> 0 | K17: =IFS('Stephen P'!G17="1 year ext.", "0", 'Stephen P'!G17="2 year ext.", "0", 'Stephen P'!G17="3 year ext.", 'Stephen P'!C17+15, 'Stephen P'!G17="Releasing","0") -> 0
A18: T. Marshall | B18: WR | C18: 1 | D18: 2021 | E18: =IFS('Stephen P'!G18="1 year ext.", "1 of 1 years (ext.)", 'Stephen P'!G18="2 year ext.", "1 of 2 years (ext.)", 'Stephen P'!G18="3 year ext.", "1 of 3 years (ext.)", 'Stephen P'!G18="Releasing","Releasing") -> Releasing | F18: Yes | G18: Releasing | H18: 1 | I18: =IFS('Stephen P'!G18="1 year ext.", 'Stephen P'!C18+5, 'Stephen P'!G18="2 year ext.", 'Stephen P'!C18+5, 'Stephen P'!G18="3 year ext.", 'Stephen P'!C18+5, 'Stephen P'!G18="Releasing","0") -> 0 | J18: =IFS('Stephen P'!G18="1 year ext.", "0", 'Stephen P'!G18="2 year ext.", 'Stephen P'!C18+10, 'Stephen P'!G18="3 year ext.", 'Stephen P'!C18+10, 'Stephen P'!G18="Releasing","0") -> 0 | K18: =IFS('Stephen P'!G18="1 year ext.", "0", 'Stephen P'!G18="2 year ext.", "0", 'Stephen P'!G18="3 year ext.", 'Stephen P'!C18+15, 'Stephen P'!G18="Releasing","0") -> 0
A19: T. Burks | B19: WR | C19: 11 | D19: 2022 | E19: 2 of 2 years | F19: No | H19: 11 | I19: 11 | J19: 16
A20: Amon Ra St. Brown | B20: WR | C20: 13 | D20: 2022 | E20: 2 of 2 years | F20: No | H20: 13 | I20: 13 | J20: 18 | K20: 23
A21: Denzel Mims | B21: WR | C21: 1 | D21: 2022 | E21: 2 of 2 years | F21: No | H21: 1 | I21: 1
A23: M. Andrews | B23: TE | C23: 15 | D23: 2021 | E23: =IFS('Stephen P'!G23="1 year ext.", "1 of 1 years (ext.)", 'Stephen P'!G23="2 year ext.", "1 of 2 years (ext.)", 'Stephen P'!G23="3 year ext.", "1 of 3 years (ext.)", 'Stephen P'!G23="Releasing","Releasing") -> 1 of 1 years (ext.) | F23: Yes | G23: 1 year ext. | H23: 15 | I23: =IFS('Stephen P'!G23="1 year ext.", 'Stephen P'!C23+5, 'Stephen P'!G23="2 year ext.", 'Stephen P'!C23+5, 'Stephen P'!G23="3 year ext.", 'Stephen P'!C23+5, 'Stephen P'!G23="Releasing","0") -> 20 | J23: =IFS('Stephen P'!G23="1 year ext.", "0", 'Stephen P'!G23="2 year ext.", 'Stephen P'!C23+10, 'Stephen P'!G23="3 year ext.", 'Stephen P'!C23+10, 'Stephen P'!G23="Releasing","0") -> 0 | K23: =IFS('Stephen P'!G23="1 year ext.", "0", 'Stephen P'!G23="2 year ext.", "0", 'Stephen P'!G23="3 year ext.", 'Stephen P'!C23+15, 'Stephen P'!G23="Releasing","0") -> 0
A24: Austin Hooper | B24: TE | C24: 1 | D24: 2022 | E24: 2 of 2 years | F24: No | H24: 1 | I24: 1
B26: K
A28: BUF | B28: D | C28: 1 | D28: 2021 | E28: =IFS('Stephen P'!G28="1 year ext.", "1 of 1 years (ext.)", 'Stephen P'!G28="2 year ext.", "1 of 2 years (ext.)", 'Stephen P'!G28="3 year ext.", "1 of 3 years (ext.)", 'Stephen P'!G28="Releasing","Releasing") -> Releasing | F28: Yes | G28: Releasing | H28: 1 | I28: =IFS('Stephen P'!G28="1 year ext.", 'Stephen P'!C28+5, 'Stephen P'!G28="2 year ext.", 'Stephen P'!C28+5, 'Stephen P'!G28="3 year ext.", 'Stephen P'!C28+5, 'Stephen P'!G28="Releasing","0") -> 0 | J28: =IFS('Stephen P'!G28="1 year ext.", "0", 'Stephen P'!G28="2 year ext.", 'Stephen P'!C28+10, 'Stephen P'!G28="3 year ext.", 'Stephen P'!C28+10, 'Stephen P'!G28="Releasing","0") -> 0 | K28: =IFS('Stephen P'!G28="1 year ext.", "0", 'Stephen P'!G28="2 year ext.", "0", 'Stephen P'!G28="3 year ext.", 'Stephen P'!C28+15, 'Stephen P'!G28="Releasing","0") -> 0
A31: Cut Players
A32: Amir Abdullah | H32: 1
A33: T Sermon | D33: 2021 | E33: Released | H33: 5
A34: R. Jones | D34: 2021 | E34: Released | H34: 2
A35: Z. Wilson | D35: 2021 | E35: Released | H35: 1
A36: J Hawkins | D36: 2021 | E36: Released | H36: 1
A37: J. Kelley | D37: 2021 | E37: Released | H37: 1
A38: KJ Hamler | D38: 2021 | E38: Released | H38: 1
A39: J Sanders | D39: 2021 | E39: Released | H39: 1
A40: Zach Ertz | D40: 2021 | E40: Released | H40: 1
A41: L. Rountree | D41: 2021 | E41: Released | H41: 1
A42: AJ Green | D42: 2021 | E42: Released | H42: 1
A44: TOTAL SALARY | C44: =SUM('Stephen P'!C3:C42) -> 214 | H44: =SUM('Stephen P'!H3:H42) -> 230 | I44: =SUM('Stephen P'!I3:I42) -> 159 | J44: =SUM('Stephen P'!J3:J42) -> 147 | K44: =SUM('Stephen P'!K3:K42) -> 51
A45: Salary Available | C45: =(250-'Stephen P'!C44) -> 36 | H45: =(250-'Stephen P'!H44) -> 20 | I45: =(250-'Stephen P'!I44) -> 91 | J45: =(250-'Stephen P'!J44) -> 103 | K45: =(250-'Stephen P'!K44) -> 199

Sheet Nick F
A1: Nick F
A2: Player | B2: Position | C2: Salary | D2: Year Drafted | E2: Status of Contract | F2: Contract Year? | G2: Extending Contract? | H2: 2022-23 Salary | I2: 2023-24 Salary | J2: 2024-25 Salary | K2: 2025-26 Salary | L2: Notes
A3: R. Willson | B3: QB | C3: 14 | D3: 2021 | E3: =IFS('Nick F'!G3="1 year ext.", "1 of 1 years (ext.)", 'Nick F'!G3="2 year ext.", "1 of 2 years (ext.)", 'Nick F'!G3="3 year ext.", "1 of 3 years (ext.)", 'Nick F'!G3="Releasing","Releasing") -> Releasing | F3: Yes | G3: Releasing | H3: 14 | I3: =IFS('Nick F'!G3="1 year ext.", 'Nick F'!C3+5, 'Nick F'!G3="2 year ext.", 'Nick F'!C3+5, 'Nick F'!G3="3 year ext.", 'Nick F'!C3+5, 'Nick F'!G3="Releasing","0") -> 0 | J3: =IFS('Nick F'!G3="1 year ext.", "0", 'Nick F'!G3="2 year ext.", 'Nick F'!C3+10, 'Nick F'!G3="3 year ext.", 'Nick F'!C3+10, 'Nick F'!G3="Releasing","0") -> 0 | K3: =IFS('Nick F'!G3="1 year ext.", "0", 'Nick F'!G3="2 year ext.", "0", 'Nick F'!G3="3 year ext.", 'Nick F'!C3+15, 'Nick F'!G3="Releasing","0") -> 0
A4: J. Hurts | B4: QB | C4: 4 | D4: 2021 | E4: =IFS('Nick F'!G4="1 year ext.", "1 of 1 years (ext.)", 'Nick F'!G4="2 year ext.", "1 of 2 years (ext.)", 'Nick F'!G4="3 year ext.", "1 of 3 years (ext.)", 'Nick F'!G4="Releasing","Releasing") -> 1 of 3 years (ext.) | F4: Yes | G4: 3 year ext. | H4: 4 | I4: =IFS('Nick F'!G4="1 year ext.", 'Nick F'!C4+5, 'Nick F'!G4="2 year ext.", 'Nick F'!C4+5, 'Nick F'!G4="3 year ext.", 'Nick F'!C4+5, 'Nick F'!G4="Releasing","0") -> 9 | J4: =IFS('Nick F'!G4="1 year ext.", "0", 'Nick F'!G4="2 year ext.", 'Nick F'!C4+10, 'Nick F'!G4="3 year ext.", 'Nick F'!C4+10, 'Nick F'!G4="Releasing","0") -> 14 | K4: =IFS('Nick F'!G4="1 year ext.", "0", 'Nick F'!G4="2 year ext.", "0", 'Nick F'!G4="3 year ext.", 'Nick F'!C4+15, 'Nick F'!G4="Releasing","0") -> 19
A5: B. Mayfield | B5: QB | C5: 2 | D5: 2021 | E5: =IFS('Nick F'!G5="1 year ext.", "1 of 1 years (ext.)", 'Nick F'!G5="2 year ext.", "1 of 2 years (ext.)", 'Nick F'!G5="3 year ext.", "1 of 3 years (ext.)", 'Nick F'!G5="Releasing","Releasing") -> Releasing | F5: Yes | G5: Releasing | H5: 2 | I5: =IFS('Nick F'!G5="1 year ext.", 'Nick F'!C5+5, 'Nick F'!G5="2 year ext.", 'Nick F'!C5+5, 'Nick F'!G5="3 year ext.", 'Nick F'!C5+5, 'Nick F'!G5="Releasing","0") -> 0 | J5: =IFS('Nick F'!G5="1 year ext.", "0", 'Nick F'!G5="2 year ext.", 'Nick F'!C5+10, 'Nick F'!G5="3 year ext.", 'Nick F'!C5+10, 'Nick F'!G5="Releasing","0") -> 0 | K5: =IFS('Nick F'!G5="1 year ext.", "0", 'Nick F'!G5="2 year ext.", "0", 'Nick F'!G5="3 year ext.", 'Nick F'!C5+15, 'Nick F'!G5="Releasing","0") -> 0
A7: D. Cook | B7: RB | C7: 45 | D7: 2021 | E7: =IFS('Nick F'!G7="1 year ext.", "1 of 1 years (ext.)", 'Nick F'!G7="2 year ext.", "1 of 2 years (ext.)", 'Nick F'!G7="3 year ext.", "1 of 3 years (ext.)", 'Nick F'!G7="Releasing","Releasing") -> Releasing | F7: Yes | G7: Releasing | H7: 45 | I7: =IFS('Nick F'!G7="1 year ext.", 'Nick F'!C7+5, 'Nick F'!G7="2 year ext.", 'Nick F'!C7+5, 'Nick F'!G7="3 year ext.", 'Nick F'!C7+5, 'Nick F'!G7="Releasing","0") -> 0 | J7: =IFS('Nick F'!G7="1 year ext.", "0", 'Nick F'!G7="2 year ext.", 'Nick F'!C7+10, 'Nick F'!G7="3 year ext.", 'Nick F'!C7+10, 'Nick F'!G7="Releasing","0") -> 0 | K7: =IFS('Nick F'!G7="1 year ext.", "0", 'Nick F'!G7="2 year ext.", "0", 'Nick F'!G7="3 year ext.", 'Nick F'!C7+15, 'Nick F'!G7="Releasing","0") -> 0
A8: S. Barkley | B8: RB | C8: 41 | D8: 2021 | E8: =IFS('Nick F'!G8="1 year ext.", "1 of 1 years (ext.)", 'Nick F'!G8="2 year ext.", "1 of 2 years (ext.)", 'Nick F'!G8="3 year ext.", "1 of 3 years (ext.)", 'Nick F'!G8="Releasing","Releasing") -> 1 of 2 years (ext.) | F8: Yes | G8: 2 year ext. | H8: 41 | I8: =IFS('Nick F'!G8="1 year ext.", 'Nick F'!C8+5, 'Nick F'!G8="2 year ext.", 'Nick F'!C8+5, 'Nick F'!G8="3 year ext.", 'Nick F'!C8+5, 'Nick F'!G8="Releasing","0") -> 46 | J8: =IFS('Nick F'!G8="1 year ext.", "0", 'Nick F'!G8="2 year ext.", 'Nick F'!C8+10, 'Nick F'!G8="3 year ext.", 'Nick F'!C8+10, 'Nick F'!G8="Releasing","0") -> 51 | K8: =IFS('Nick F'!G8="1 year ext.", "0", 'Nick F'!G8="2 year ext.", "0", 'Nick F'!G8="3 year ext.", 'Nick F'!C8+15, 'Nick F'!G8="Releasing","0") -> 0
A9: D. Harris | B9: RB | C9: 11 | D9: 2021 | E9: =IFS('Nick F'!G9="1 year ext.", "1 of 1 years (ext.)", 'Nick F'!G9="2 year ext.", "1 of 2 years (ext.)", 'Nick F'!G9="3 year ext.", "1 of 3 years (ext.)", 'Nick F'!G9="Releasing","Releasing") -> 1 of 1 years (ext.) | F9: Yes | G9: 1 year ext. | H9: 11 | I9: =IFS('Nick F'!G9="1 year ext.", 'Nick F'!C9+5, 'Nick F'!G9="2 year ext.", 'Nick F'!C9+5, 'Nick F'!G9="3 year ext.", 'Nick F'!C9+5, 'Nick F'!G9="Releasing","0") -> 16 | J9: =IFS('Nick F'!G9="1 year ext.", "0", 'Nick F'!G9="2 year ext.", 'Nick F'!C9+10, 'Nick F'!G9="3 year ext.", 'Nick F'!C9+10, 'Nick F'!G9="Releasing","0") -> 0 | K9: =IFS('Nick F'!G9="1 year ext.", "0", 'Nick F'!G9="2 year ext.", "0", 'Nick F'!G9="3 year ext.", 'Nick F'!C9+15, 'Nick F'!G9="Releasing","0") -> 0
A10: A. Mattison | B10: RB | C10: 2 | D10: 2021 | E10: =IFS('Nick F'!G10="1 year ext.", "1 of 1 years (ext.)", 'Nick F'!G10="2 year ext.", "1 of 2 years (ext.)", 'Nick F'!G10="3 year ext.", "1 of 3 years (ext.)", 'Nick F'!G10="Releasing","Releasing") -> 1 of 2 years (ext.) | F10: Yes | G10: 2 year ext. | H10: 2 | I10: =IFS('Nick F'!G10="1 year ext.", 'Nick F'!C10+5, 'Nick F'!G10="2 year ext.", 'Nick F'!C10+5, 'Nick F'!G10="3 year ext.", 'Nick F'!C10+5, 'Nick F'!G10="Releasing","0") -> 7 | J10: =IFS('Nick F'!G10="1 year ext.", "0", 'Nick F'!G10="2 year ext.", 'Nick F'!C10+10, 'Nick F'!G10="3 year ext.", 'Nick F'!C10+10, 'Nick F'!G10="Releasing","0") -> 12 | K10: =IFS('Nick F'!G10="1 year ext.", "0", 'Nick F'!G10="2 year ext.", "0", 'Nick F'!G10="3 year ext.", 'Nick F'!C10+15, 'Nick F'!G10="Releasing","0") -> 0
A11: Matt Breida | B11: RB | C11: 1 | D11: 2022 | E11: 2 of 2 years | F11: No | H11: 1 | I11: 1
A14: C. Claypool | B14: WR | C14: 11 | D14: 2021 | E14: =IFS('Nick F'!G14="1 year ext.", "1 of 1 years (ext.)", 'Nick F'!G14="2 year ext.", "1 of 2 years (ext.)", 'Nick F'!G14="3 year ext.", "1 of 3 years (ext.)", 'Nick F'!G14="Releasing","Releasing") -> Releasing | F14: Yes | G14: Releasing | H14: 11 | I14: =IFS('Nick F'!G14="1 year ext.", 'Nick F'!C14+5, 'Nick F'!G14="2 year ext.", 'Nick F'!C14+5, 'Nick F'!G14="3 year ext.", 'Nick F'!C14+5, 'Nick F'!G14="Releasing","0") -> 0 | J14: =IFS('Nick F'!G14="1 year ext.", "0", 'Nick F'!G14="2 year ext.", 'Nick F'!C14+10, 'Nick F'!G14="3 year ext.", 'Nick F'!C14+10, 'Nick F'!G14="Releasing","0") -> 0 | K14: =IFS('Nick F'!G14="1 year ext.", "0", 'Nick F'!G14="2 year ext.", "0", 'Nick F'!G14="3 year ext.", 'Nick F'!C14+15, 'Nick F'!G14="Releasing","0") -> 0
A15: A. Thielen | B15: WR | C15: 16 | D15: 2021 | E15: =IFS('Nick F'!G15="1 year ext.", "1 of 1 years (ext.)", 'Nick F'!G15="2 year ext.", "1 of 2 years (ext.)", 'Nick F'!G15="3 year ext.", "1 of 3 years (ext.)", 'Nick F'!G15="Releasing","Releasing") -> Releasing | F15: Yes | G15: Releasing | H15: 16 | I15: =IFS('Nick F'!G15="1 year ext.", 'Nick F'!C15+5, 'Nick F'!G15="2 year ext.", 'Nick F'!C15+5, 'Nick F'!G15="3 year ext.", 'Nick F'!C15+5, 'Nick F'!G15="Releasing","0") -> 0 | J15: =IFS('Nick F'!G15="1 year ext.", "0", 'Nick F'!G15="2 year ext.", 'Nick F'!C15+10, 'Nick F'!G15="3 year ext.", 'Nick F'!C15+10, 'Nick F'!G15="Releasing","0") -> 0 | K15: =IFS('Nick F'!G15="1 year ext.", "0", 'Nick F'!G15="2 year ext.", "0", 'Nick F'!G15="3 year ext.", 'Nick F'!C15+15, 'Nick F'!G15="Releasing","0") -> 0
A16: D. London | B16: WR | C16: 14 | D16: 2022 | E16: 2 of 2 years | F16: No | H16: 14 | I16: 14
A17: K. Golladay | B17: WR | C17: 6 | D17: 2021 | E17: =IFS('Nick F'!G17="1 year ext.", "1 of 1 years (ext.)", 'Nick F'!G17="2 year ext.", "1 of 2 years (ext.)", 'Nick F'!G17="3 year ext.", "1 of 3 years (ext.)", 'Nick F'!G17="Releasing","Releasing") -> Releasing | F17: Yes | G17: Releasing | H17: 6 | I17: =IFS('Nick F'!G17="1 year ext.", 'Nick F'!C17+5, 'Nick F'!G17="2 year ext.", 'Nick F'!C17+5, 'Nick F'!G17="3 year ext.", 'Nick F'!C17+5, 'Nick F'!G17="Releasing","0") -> 0 | J17: =IFS('Nick F'!G17="1 year ext.", "0", 'Nick F'!G17="2 year ext.", 'Nick F'!C17+10, 'Nick F'!G17="3 year ext.", 'Nick F'!C17+10, 'Nick F'!G17="Releasing","0") -> 0 | K17: =IFS('Nick F'!G17="1 year ext.", "0", 'Nick F'!G17="2 year ext.", "0", 'Nick F'!G17="3 year ext.", 'Nick F'!C17+15, 'Nick F'!G17="Releasing","0") -> 0
B18: WR
B19: WR
A20: D. Duvernay | B20: WR | C20: 5 | D20: 2022 | E20: 2 of 2 years | F20: No | H20: 5 | I20: 5
A21: J. Crowder | B21: WR | C21: 1 | D21: 2021 | E21: =IFS('Nick F'!G21="1 year ext.", "1 of 1 years (ext.)", 'Nick F'!G21="2 year ext.", "1 of 2 years (ext.)", 'Nick F'!G21="3 year ext.", "1 of 3 years (ext.)", 'Nick F'!G21="Releasing","Releasing") -> Releasing | F21: Yes | G21: Releasing | H21: 1 | I21: =IFS('Nick F'!G21="1 year ext.", 'Nick F'!C21+5, 'Nick F'!G21="2 year ext.", 'Nick F'!C21+5, 'Nick F'!G21="3 year ext.", 'Nick F'!C21+5, 'Nick F'!G21="Releasing","0") -> 0 | J21: =IFS('Nick F'!G21="1 year ext.", "0", 'Nick F'!G21="2 year ext.", 'Nick F'!C21+10, 'Nick F'!G21="3 year ext.", 'Nick F'!C21+10, 'Nick F'!G21="Releasing","0") -> 0 | K21: =IFS('Nick F'!G21="1 year ext.", "0", 'Nick F'!G21="2 year ext.", "0", 'Nick F'!G21="3 year ext.", 'Nick F'!C21+15, 'Nick F'!G21="Releasing","0") -> 0
A23: M. Gesicki | B23: TE | C23: 4 | D23: 2021 | E23: =IFS('Nick F'!G23="1 year ext.", "1 of 1 years (ext.)", 'Nick F'!G23="2 year ext.", "1 of 2 years (ext.)", 'Nick F'!G23="3 year ext.", "1 of 3 years (ext.)", 'Nick F'!G23="Releasing","Releasing") -> Releasing | F23: Yes | G23: Releasing | H23: 4 | I23: =IFS('Nick F'!G23="1 year ext.", 'Nick F'!C23+5, 'Nick F'!G23="2 year ext.", 'Nick F'!C23+5, 'Nick F'!G23="3 year ext.", 'Nick F'!C23+5, 'Nick F'!G23="Releasing","0") -> 0 | J23: =IFS('Nick F'!G23="1 year ext.", "0", 'Nick F'!G23="2 year ext.", 'Nick F'!C23+10, 'Nick F'!G23="3 year ext.", 'Nick F'!C23+10, 'Nick F'!G23="Releasing","0") -> 0 | K23: =IFS('Nick F'!G23="1 year ext.", "0", 'Nick F'!G23="2 year ext.", "0", 'Nick F'!G23="3 year ext.", 'Nick F'!C23+15, 'Nick F'!G23="Releasing","0") -> 0
A24: I Smith | B24: TE | C24: 1 | D24: 2021 | E24: =IFS('Nick F'!G24="1 year ext.", "1 of 1 years (ext.)", 'Nick F'!G24="2 year ext.", "1 of 2 years (ext.)", 'Nick F'!G24="3 year ext.", "1 of 3 years (ext.)", 'Nick F'!G24="Releasing","Releasing") -> Releasing | F24: Yes | G24: Releasing | H24: 1 | I24: =IFS('Nick F'!G24="1 year ext.", 'Nick F'!C24+5, 'Nick F'!G24="2 year ext.", 'Nick F'!C24+5, 'Nick F'!G24="3 year ext.", 'Nick F'!C24+5, 'Nick F'!G24="Releasing","0") -> 0 | J24: =IFS('Nick F'!G24="1 year ext.", "0", 'Nick F'!G24="2 year ext.", 'Nick F'!C24+10, 'Nick F'!G24="3 year ext.", 'Nick F'!C24+10, 'Nick F'!G24="Releasing","0") -> 0 | K24: =IFS('Nick F'!G24="1 year ext.", "0", 'Nick F'!G24="2 year ext.", "0", 'Nick F'!G24="3 year ext.", 'Nick F'!C24+15, 'Nick F'!G24="Releasing","0") -> 0
B26: K | D26: 2021 | E26: =IFS('Nick F'!G26="1 year ext.", "1 of 1 years (ext.)", 'Nick F'!G26="2 year ext.", "1 of 2 years (ext.)", 'Nick F'!G26="3 year ext.", "1 of 3 years (ext.)", 'Nick F'!G26="Releasing","Releasing") -> Releasing | F26: Yes | G26: Releasing | I26: =IFS('Nick F'!G26="1 year ext.", 'Nick F'!C26+5, 'Nick F'!G26="2 year ext.", 'Nick F'!C26+5, 'Nick F'!G26="3 year ext.", 'Nick F'!C26+5, 'Nick F'!G26="Releasing","0") -> 0 | J26: =IFS('Nick F'!G26="1 year ext.", "0", 'Nick F'!G26="2 year ext.", 'Nick F'!C26+10, 'Nick F'!G26="3 year ext.", 'Nick F'!C26+10, 'Nick F'!G26="Releasing","0") -> 0 | K26: =IFS('Nick F'!G26="1 year ext.", "0", 'Nick F'!G26="2 year ext.", "0", 'Nick F'!G26="3 year ext.", 'Nick F'!C26+15, 'Nick F'!G26="Releasing","0") -> 0
A28: DEN | B28: D | C28: 1 | D28: 2021 | E28: =IFS('Nick F'!G28="1 year ext.", "1 of 1 years (ext.)", 'Nick F'!G28="2 year ext.", "1 of 2 years (ext.)", 'Nick F'!G28="3 year ext.", "1 of 3 years (ext.)", 'Nick F'!G28="Releasing","Releasing") -> Releasing | F28: Yes | G28: Releasing | H28: 1
A31: Cut Players
A32: A. Lazard | C32: 9 | D32: 2023 | E32: Released | H32: 18 | I32: 9
A33: H. Renfrow | C33: 9 | D33: 2023 | E33: Released | H33: 18 | I33: 9
A34: Marlon Mack | C34: 1 | H34: 2 | I34: 1
A35: M. Gordon | D35: 2021 | E35: Released | H35: 3
A36: R. Gould | D36: 2021 | E36: Released | H36: 1
A37: T. Smith | H37: 1
A38: J Reagor | H38: 1
A39: M. Callaway | H39: 1
A42: TOTAL SALARY | C42: =SUM('Nick F'!C3:C40) -> 198 | H42: =SUM('Nick F'!H3:H40) -> 224 | I42: =SUM('Nick F'!I3:I40) -> 117 | J42: =SUM('Nick F'!J3:J40) -> 77 | K42: =SUM('Nick F'!K3:K40) -> 19
A43: Salary Available | C43: =(250-'Nick F'!C42) -> 52 | H43: =(250-'Nick F'!H42) -> 26 | I43: =(250-'Nick F'!I42) -> 133 | J43: =(250-'Nick F'!J42) -> 173 | K43: =(250-'Nick F'!K42) -> 231

Sheet Example
A1: Example
A2: Player | B2: Position | C2: Salary | D2: Year Drafted | E2: Status of Contract | F2: Notes
A3: R. Wilson | B3: QB | C3: 46 | D3: 2021 | E3: 1 of 2 years
B4: QB | D4: 2021 | E4: 1 of 2 years
B5: QB | D5: 2021 | E5: 1 of 2 years
A6: D. Henry | B6: RB | C6: 39 | D6: 2021 | E6: 1 of 2 years
B7: RB | D7: 2021 | E7: 1 of 2 years
B8: RB | D8: 2021 | E8: 1 of 2 years
B9: RB | D9: 2021 | E9: 1 of 2 years
A10: D. Hopkins | B10: WR | C10: 24 | D10: 2021 | E10: 1 of 2 years
B11: WR | D11: 2021 | E11: 1 of 2 years
B12: WR | D12: 2021 | E12: 1 of 2 years
B13: WR | D13: 2021 | E13: 1 of 2 years
A14: M. Gesicki | B14: TE | C14: 6 | D14: 2021 | E14: 1 of 2 years
B15: TE | D15: 2021 | E15: 1 of 2 years
A16: J. Tucker | B16: K | C16: 2 | D16: 2021 | E16: 1 of 2 years
B17: K | D17: 2021 | E17: 1 of 2 years
A18: Dolphins | B18: D | C18: 1 | D18: 2021 | E18: 1 of 2 years
B19: D | D19: 2021 | E19: 1 of 2 years
A20: M. Trubisky | B20: WC | C20: 5 | D20: 2021 | E20: 1 of 2 years
A21: TOTAL SALARY | C21: =SUM(C3:C20) -> 123
C22: 0
A23: Salary Available | C23: =200-C21-C22 -> 77
